Countrycode,Namespace,AirQualityNetwork,AirQualityStation,AirQualityStationEoICode,SamplingPoint,SamplingProcess,Sample,AirPollutant,AirPollutantCode,AveragingTime,Concentration,UnitOfMeasurement,DatetimeBegin,DatetimeEnd,Validity,Verification
BG,BG.BG-ExEA.AQ,NET-BG001A,STA-BG0050A,BG0050A,SPO-BG0050A_00005_100,SPP-BG_A_BETA_thermo5030SHARP,SPO_F-BG0050A_00005_100_100,PM10,http://dd.eionet.europa.eu/vocabulary/aq/pollutant/5,day,118.79,µg/m3,2014-01-14 00:00:00 +01:00,2014-01-15 00:00:00 +01:00,1,1
BG,BG.BG-ExEA.AQ,NET-BG001A,STA-BG0050A,BG0050A,SPO-BG0050A_00005_100,SPP-BG_A_BETA_thermo5030SHARP,SPO_F-BG0050A_00005_100_100,PM10,http://dd.eionet.europa.eu/vocabulary/aq/pollutant/5,day,115.62,µg/m3,2014-01-10 00:00:00 +01:00,2014-01-11 00:00:00 +01:00,1,1
BG,BG.BG-ExEA.AQ,NET-BG001A,STA-BG0050A,BG0050A,SPO-BG0050A_00005_100,SPP-BG_A_BETA_thermo5030SHARP,SPO_F-BG0050A_00005_100_100,PM10,http://dd.eionet.europa.eu/vocabulary/aq/pollutant/5,day,18.65,µg/m3,2014-02-02 00:00:00 +01:00,2014-02-03 00:00:00 +01:00,1,1
BG,BG.BG-ExEA.AQ,NET-BG001A,STA-BG0050A,BG0050A,SPO-BG0050A_00005_100,SPP-BG_A_BETA_thermo5030SHARP,SPO_F-BG0050A_00005_100_100,PM10,http://dd.eionet.europa.eu/vocabulary/aq/pollutant/5,day,52.86,µg/m3,2014-02-09 00:00:00 +01:00,2014-02-10 00:00:00 +01:00,1,1
BG,BG.BG-ExEA.AQ,NET-BG001A,STA-BG0050A,BG0050A,SPO-BG0050A_00005_100,SPP-BG_A_BETA_thermo5030SHARP,SPO_F-BG0050A_00005_100_100,PM10,http://dd.eionet.europa.eu/vocabulary/aq/pollutant/5,day,75.33,µg/m3,2014-02-19 00:00:00 +01:00,2014-02-20 00:00:00 +01:00,1,1
BG,BG.BG-ExEA.AQ,NET-BG001A,STA-BG0050A,BG0050A,SPO-BG0050A_00005_100,SPP-BG_A_BETA_thermo5030SHARP,SPO_F-BG0050A_00005_100_100,PM10,http://dd.eionet.europa.eu/vocabulary/aq/pollutant/5,day,37.08,µg/m3,2014-04-14 00:00:00 +01:00,2014-04-15 00:00:00 +01:00,1,1
BG,BG.BG-ExEA.AQ,NET-BG001A,STA-BG0050A,BG0050A,SPO-BG0050A_00005_100,SPP-BG_A_BETA_thermo5030SHARP,SPO_F-BG0050A_00005_100_100,PM10,http://dd.eionet.europa.eu/vocabulary/aq/pollutant/5,day,17.1,µg/m3,2014-04-18 00:00:00 +01:00,2014-04-19 00:00:00 +01:00,1,1
BG,BG.BG-ExEA.AQ,NET-BG001A,STA-BG0050A,BG0050A,SPO-BG0050A_00005_100,SPP-BG_A_BETA_thermo5030SHARP,SPO_F-BG0050A_00005_100_100,PM10,http://dd.eionet.europa.eu/vocabulary/aq/pollutant/5,day,16.11,µg/m3,2014-04-16 00:00:00 +01:00,2014-04-17 00:00:00 +01:00,1,1
BG,BG.BG-ExEA.AQ,NET-BG001A,STA-BG0050A,BG0050A,SPO-BG0050A_00005_100,SPP-BG_A_BETA_thermo5030SHARP,SPO_F-BG0050A_00005_100_100,PM10,http://dd.eionet.europa.eu/vocabulary/aq/pollutant/5,day,15.72,µg/m3,2014-04-19 00:00:00 +01:00,2014-04-20 00:00:00 +01:00,1,1
BG,BG.BG-ExEA.AQ,NET-BG001A,STA-BG0050A,BG0050A,SPO-BG0050A_00005_100,SPP-BG_A_BETA_thermo5030SHARP,SPO_F-BG0050A_00005_100_100,PM10,http://dd.eionet.europa.eu/vocabulary/aq/pollutant/5,day,43.82,µg/m3,2014-03-30 00:00:00 +01:00,2014-03-31 00:00:00 +01:00,1,1
BG,BG.BG-ExEA.AQ,NET-BG001A,STA-BG0050A,BG0050A,SPO-BG0050A_00005_100,SPP-BG_A_BETA_thermo5030SHARP,SPO_F-BG0050A_00005_100_100,PM10,http://dd.eionet.europa.eu/vocabulary/aq/pollutant/5,day,54.54,µg/m3,2014-03-12 00:00:00 +01:00,2014-03-13 00:00:00 +01:00,1,1
BG,BG.BG-ExEA.AQ,NET-BG001A,STA-BG0050A,BG0050A,SPO-BG0050A_00005_100,SPP-BG_A_BETA_thermo5030SHARP,SPO_F-BG0050A_00005_100_100,PM10,http://dd.eionet.europa.eu/vocabulary/aq/pollutant/5,day,36.64,µg/m3,2014-04-24 00:00:00 +01:00,2014-04-25 00:00:00 +01:00,1,1
BG,BG.BG-ExEA.AQ,NET-BG001A,STA-BG0050A,BG0050A,SPO-BG0050A_00005_100,SPP-BG_A_BETA_thermo5030SHARP,SPO_F-BG0050A_00005_100_100,PM10,http://dd.eionet.europa.eu/vocabulary/aq/pollutant/5,day,32.5,µg/m3,2014-04-21 00:00:00 +01:00,2014-04-22 00:00:00 +01:00,1,1
BG,BG.BG-ExEA.AQ,NET-BG001A,STA-BG0050A,BG0050A,SPO-BG0050A_00005_100,SPP-BG_A_BETA_thermo5030SHARP,SPO_F-BG0050A_00005_100_100,PM10,http://dd.eionet.europa.eu/vocabulary/aq/pollutant/5,day,23.89,µg/m3,2014-04-27 00:00:00 +01:00,2014-04-28 00:00:00 +01:00,1,1
BG,BG.BG-ExEA.AQ,NET-BG001A,STA-BG0050A,BG0050A,SPO-BG0050A_00005_100,SPP-BG_A_BETA_thermo5030SHARP,SPO_F-BG0050A_00005_100_100,PM10,http://dd.eionet.europa.eu/vocabulary/aq/pollutant/5,day,21.46,µg/m3,2014-05-13 00:00:00 +01:00,2014-05-14 00:00:00 +01:00,1,1
BG,BG.BG-ExEA.AQ,NET-BG001A,STA-BG0050A,BG0050A,SPO-BG0050A_00005_100,SPP-BG_A_BETA_thermo5030SHARP,SPO_F-BG0050A_00005_100_100,PM10,http://dd.eionet.europa.eu/vocabulary/aq/pollutant/5,day,12.2,µg/m3,2014-05-17 00:00:00 +01:00,2014-05-18 00:00:00 +01:00,1,1
BG,BG.BG-ExEA.AQ,NET-BG001A,STA-BG0050A,BG0050A,SPO-BG0050A_00005_100,SPP-BG_A_BETA_thermo5030SHARP,SPO_F-BG0050A_00005_100_100,PM10,http://dd.eionet.europa.eu/vocabulary/aq/pollutant/5,day,30.04,µg/m3,2014-05-25 00:00:00 +01:00,2014-05-26 00:00:00 +01:00,1,1
BG,BG.BG-ExEA.AQ,NET-BG001A,STA-BG0050A,BG0050A,SPO-BG0050A_00005_100,SPP-BG_A_BETA_thermo5030SHARP,SPO_F-BG0050A_00005_100_100,PM10,http://dd.eionet.europa.eu/vocabulary/aq/pollutant/5,day,30.25,µg/m3,2014-01-26 00:00:00 +01:00,2014-01-27 00:00:00 +01:00,1,1
BG,BG.BG-ExEA.AQ,NET-BG001A,STA-BG0050A,BG0050A,SPO-BG0050A_00005_100,SPP-BG_A_BETA_thermo5030SHARP,SPO_F-BG0050A_00005_100_100,PM10,http://dd.eionet.europa.eu/vocabulary/aq/pollutant/5,day,166.81,µg/m3,2014-02-06 00:00:00 +01:00,2014-02-07 00:00:00 +01:00,1,1
BG,BG.BG-ExEA.AQ,NET-BG001A,STA-BG0050A,BG0050A,SPO-BG0050A_00005_100,SPP-BG_A_BETA_thermo5030SHARP,SPO_F-BG0050A_00005_100_100,PM10,http://dd.eionet.europa.eu/vocabulary/aq/pollutant/5,day,128.56,µg/m3,2014-02-08 00:00:00 +01:00,2014-02-09 00:00:00 +01:00,1,1
BG,BG.BG-ExEA.AQ,NET-BG001A,STA-BG0050A,BG0050A,SPO-BG0050A_00005_100,SPP-BG_A_BETA_thermo5030SHARP,SPO_F-BG0050A_00005_100_100,PM10,http://dd.eionet.europa.eu/vocabulary/aq/pollutant/5,day,22.54,µg/m3,2014-06-16 00:00:00 +01:00,2014-06-17 00:00:00 +01:00,1,1
BG,BG.BG-ExEA.AQ,NET-BG001A,STA-BG0050A,BG0050A,SPO-BG0050A_00005_100,SPP-BG_A_BETA_thermo5030SHARP,SPO_F-BG0050A_00005_100_100,PM10,http://dd.eionet.europa.eu/vocabulary/aq/pollutant/5,day,21.87,µg/m3,2014-06-07 00:00:00 +01:00,2014-06-08 00:00:00 +01:00,1,1
BG,BG.BG-ExEA.AQ,NET-BG001A,STA-BG0050A,BG0050A,SPO-BG0050A_00005_100,SPP-BG_A_BETA_thermo5030SHARP,SPO_F-BG0050A_00005_100_100,PM10,http://dd.eionet.europa.eu/vocabulary/aq/pollutant/5,day,23.31,µg/m3,2014-06-08 00:00:00 +01:00,2014-06-09 00:00:00 +01:00,1,1
BG,BG.BG-ExEA.AQ,NET-BG001A,STA-BG0050A,BG0050A,SPO-BG0050A_00005_100,SPP-BG_A_BETA_thermo5030SHARP,SPO_F-BG0050A_00005_100_100,PM10,http://dd.eionet.europa.eu/vocabulary/aq/pollutant/5,day,27.44,µg/m3,2014-06-25 00:00:00 +01:00,2014-06-26 00:00:00 +01:00,1,1
BG,BG.BG-ExEA.AQ,NET-BG001A,STA-BG0050A,BG0050A,SPO-BG0050A_00005_100,SPP-BG_A_BETA_thermo5030SHARP,SPO_F-BG0050A_00005_100_100,PM10,http://dd.eionet.europa.eu/vocabulary/aq/pollutant/5,day,84.5,µg/m3,2014-02-18 00:00:00 +01:00,2014-02-19 00:00:00 +01:00,1,1
BG,BG.BG-ExEA.AQ,NET-BG001A,STA-BG0050A,BG0050A,SPO-BG0050A_00005_100,SPP-BG_A_BETA_thermo5030SHARP,SPO_F-BG0050A_00005_100_100,PM10,http://dd.eionet.europa.eu/vocabulary/aq/pollutant/5,day,58.91,µg/m3,2014-02-22 00:00:00 +01:00,2014-02-23 00:00:00 +01:00,1,1
BG,BG.BG-ExEA.AQ,NET-BG001A,STA-BG0050A,BG0050A,SPO-BG0050A_00005_100,SPP-BG_A_BETA_thermo5030SHARP,SPO_F-BG0050A_00005_100_100,PM10,http://dd.eionet.europa.eu/vocabulary/aq/pollutant/5,day,19.72,µg/m3,2014-07-02 00:00:00 +01:00,2014-07-03 00:00:00 +01:00,1,1
BG,BG.BG-ExEA.AQ,NET-BG001A,STA-BG0050A,BG0050A,SPO-BG0050A_00005_100,SPP-BG_A_BETA_thermo5030SHARP,SPO_F-BG0050A_00005_100_100,PM10,http://dd.eionet.europa.eu/vocabulary/aq/pollutant/5,day,83.54,µg/m3,2014-03-13 00:00:00 +01:00,2014-03-14 00:00:00 +01:00,1,1
BG,BG.BG-ExEA.AQ,NET-BG001A,STA-BG0050A,BG0050A,SPO-BG0050A_00005_100,SPP-BG_A_BETA_thermo5030SHARP,SPO_F-BG0050A_00005_100_100,PM10,http://dd.eionet.europa.eu/vocabulary/aq/pollutant/5,day,50.63,µg/m3,2014-03-19 00:00:00 +01:00,2014-03-20 00:00:00 +01:00,1,1
BG,BG.BG-ExEA.AQ,NET-BG001A,STA-BG0050A,BG0050A,SPO-BG0050A_00005_100,SPP-BG_A_BETA_thermo5030SHARP,SPO_F-BG0050A_00005_100_100,PM10,http://dd.eionet.europa.eu/vocabulary/aq/pollutant/5,day,35.59,µg/m3,2014-07-07 00:00:00 +01:00,2014-07-08 00:00:00 +01:00,1,1
BG,BG.BG-ExEA.AQ,NET-BG001A,STA-BG0050A,BG0050A,SPO-BG0050A_00005_100,SPP-BG_A_BETA_thermo5030SHARP,SPO_F-BG0050A_00005_100_100,PM10,http://dd.eionet.europa.eu/vocabulary/aq/pollutant/5,day,38.63,µg/m3,2014-03-11 00:00:00 +01:00,2014-03-12 00:00:00 +01:00,1,1
BG,BG.BG-ExEA.AQ,NET-BG001A,STA-BG0050A,BG0050A,SPO-BG0050A_00005_100,SPP-BG_A_BETA_thermo5030SHARP,SPO_F-BG0050A_00005_100_100,PM10,http://dd.eionet.europa.eu/vocabulary/aq/pollutant/5,day,26.71,µg/m3,2014-03-10 00:00:00 +01:00,2014-03-11 00:00:00 +01:00,1,1
BG,BG.BG-ExEA.AQ,NET-BG001A,STA-BG0050A,BG0050A,SPO-BG0050A_00005_100,SPP-BG_A_BETA_thermo5030SHARP,SPO_F-BG0050A_00005_100_100,PM10,http://dd.eionet.europa.eu/vocabulary/aq/pollutant/5,day,31.59,µg/m3,2014-08-03 00:00:00 +01:00,2014-08-04 00:00:00 +01:00,1,1
BG,BG.BG-ExEA.AQ,NET-BG001A,STA-BG0050A,BG0050A,SPO-BG0050A_00005_100,SPP-BG_A_BETA_thermo5030SHARP,SPO_F-BG0050A_00005_100_100,PM10,http://dd.eionet.europa.eu/vocabulary/aq/pollutant/5,day,27.24,µg/m3,2014-08-09 00:00:00 +01:00,2014-08-10 00:00:00 +01:00,1,1
BG,BG.BG-ExEA.AQ,NET-BG001A,STA-BG0050A,BG0050A,SPO-BG0050A_00005_100,SPP-BG_A_BETA_thermo5030SHARP,SPO_F-BG0050A_00005_100_100,PM10,http://dd.eionet.europa.eu/vocabulary/aq/pollutant/5,day,39.08,µg/m3,2014-09-30 00:00:00 +01:00,2014-10-01 00:00:00 +01:00,1,1
BG,BG.BG-ExEA.AQ,NET-BG001A,STA-BG0050A,BG0050A,SPO-BG0050A_00005_100,SPP-BG_A_BETA_thermo5030SHARP,SPO_F-BG0050A_00005_100_100,PM10,http://dd.eionet.europa.eu/vocabulary/aq/pollutant/5,day,17.47,µg/m3,2014-09-24 00:00:00 +01:00,2014-09-25 00:00:00 +01:00,1,1
BG,BG.BG-ExEA.AQ,NET-BG001A,STA-BG0050A,BG0050A,SPO-BG0050A_00005_100,SPP-BG_A_BETA_thermo5030SHARP,SPO_F-BG0050A_00005_100_100,PM10,http://dd.eionet.europa.eu/vocabulary/aq/pollutant/5,day,13.79,µg/m3,2014-09-16 00:00:00 +01:00,2014-09-17 00:00:00 +01:00,1,1
BG,BG.BG-ExEA.AQ,NET-BG001A,STA-BG0050A,BG0050A,SPO-BG0050A_00005_100,SPP-BG_A_BETA_thermo5030SHARP,SPO_F-BG0050A_00005_100_100,PM10,http://dd.eionet.europa.eu/vocabulary/aq/pollutant/5,day,110.49,µg/m3,2014-11-06 00:00:00 +01:00,2014-11-07 00:00:00 +01:00,1,1
BG,BG.BG-ExEA.AQ,NET-BG001A,STA-BG0050A,BG0050A,SPO-BG0050A_00005_100,SPP-BG_A_BETA_thermo5030SHARP,SPO_F-BG0050A_00005_100_100,PM10,http://dd.eionet.europa.eu/vocabulary/aq/pollutant/5,day,117.28,µg/m3,2014-11-05 00:00:00 +01:00,2014-11-06 00:00:00 +01:00,1,1
BG,BG.BG-ExEA.AQ,NET-BG001A,STA-BG0050A,BG0050A,SPO-BG0050A_00005_100,SPP-BG_A_BETA_thermo5030SHARP,SPO_F-BG0050A_00005_100_100,PM10,http://dd.eionet.europa.eu/vocabulary/aq/pollutant/5,day,14.9,µg/m3,2014-05-31 00:00:00 +01:00,2014-06-01 00:00:00 +01:00,1,1
BG,BG.BG-ExEA.AQ,NET-BG001A,STA-BG0050A,BG0050A,SPO-BG0050A_00005_100,SPP-BG_A_BETA_thermo5030SHARP,SPO_F-BG0050A_00005_100_100,PM10,http://dd.eionet.europa.eu/vocabulary/aq/pollutant/5,day,26.47,µg/m3,2014-06-03 00:00:00 +01:00,2014-06-04 00:00:00 +01:00,1,1
BG,BG.BG-ExEA.AQ,NET-BG001A,STA-BG0050A,BG0050A,SPO-BG0050A_00005_100,SPP-BG_A_BETA_thermo5030SHARP,SPO_F-BG0050A_00005_100_100,PM10,http://dd.eionet.europa.eu/vocabulary/aq/pollutant/5,day,98.5,µg/m3,2014-11-08 00:00:00 +01:00,2014-11-09 00:00:00 +01:00,1,1
BG,BG.BG-ExEA.AQ,NET-BG001A,STA-BG0050A,BG0050A,SPO-BG0050A_00005_100,SPP-BG_A_BETA_thermo5030SHARP,SPO_F-BG0050A_00005_100_100,PM10,http://dd.eionet.europa.eu/vocabulary/aq/pollutant/5,day,20.84,µg/m3,2014-10-27 00:00:00 +01:00,2014-10-28 00:00:00 +01:00,1,1
BG,BG.BG-ExEA.AQ,NET-BG001A,STA-BG0050A,BG0050A,SPO-BG0050A_00005_100,SPP-BG_A_BETA_thermo5030SHARP,SPO_F-BG0050A_00005_100_100,PM10,http://dd.eionet.europa.eu/vocabulary/aq/pollutant/5,day,23.72,µg/m3,2014-05-03 00:00:00 +01:00,2014-05-04 00:00:00 +01:00,1,1
BG,BG.BG-ExEA.AQ,NET-BG001A,STA-BG0050A,BG0050A,SPO-BG0050A_00005_100,SPP-BG_A_BETA_thermo5030SHARP,SPO_F-BG0050A_00005_100_100,PM10,http://dd.eionet.europa.eu/vocabulary/aq/pollutant/5,day,275.45,µg/m3,2014-12-17 00:00:00 +01:00,2014-12-18 00:00:00 +01:00,1,1
BG,BG.BG-ExEA.AQ,NET-BG001A,STA-BG0050A,BG0050A,SPO-BG0050A_00005_100,SPP-BG_A_BETA_thermo5030SHARP,SPO_F-BG0050A_00005_100_100,PM10,http://dd.eionet.europa.eu/vocabulary/aq/pollutant/5,day,194.73,µg/m3,2014-12-16 00:00:00 +01:00,2014-12-17 00:00:00 +01:00,1,1
BG,BG.BG-ExEA.AQ,NET-BG001A,STA-BG0050A,BG0050A,SPO-BG0050A_00005_100,SPP-BG_A_BETA_thermo5030SHARP,SPO_F-BG0050A_00005_100_100,PM10,http://dd.eionet.europa.eu/vocabulary/aq/pollutant/5,day,34.71,µg/m3,2014-07-28 00:00:00 +01:00,2014-07-29 00:00:00 +01:00,1,1
BG,BG.BG-ExEA.AQ,NET-BG001A,STA-BG0050A,BG0050A,SPO-BG0050A_00005_100,SPP-BG_A_BETA_thermo5030SHARP,SPO_F-BG0050A_00005_100_100,PM10,http://dd.eionet.europa.eu/vocabulary/aq/pollutant/5,day,27.68,µg/m3,2014-07-26 00:00:00 +01:00,2014-07-27 00:00:00 +01:00,1,1
BG,BG.BG-ExEA.AQ,NET-BG001A,STA-BG0050A,BG0050A,SPO-BG0050A_00005_100,SPP-BG_A_BETA_thermo5030SHARP,SPO_F-BG0050A_00005_100_100,PM10,http://dd.eionet.europa.eu/vocabulary/aq/pollutant/5,day,27.32,µg/m3,2014-12-08 00:00:00 +01:00,2014-12-09 00:00:00 +01:00,1,1
BG,BG.BG-ExEA.AQ,NET-BG001A,STA-BG0050A,BG0050A,SPO-BG0050A_00005_100,SPP-BG_A_BETA_thermo5030SHARP,SPO_F-BG0050A_00005_100_100,PM10,http://dd.eionet.europa.eu/vocabulary/aq/pollutant/5,day,18.24,µg/m3,2014-12-10 00:00:00 +01:00,2014-12-11 00:00:00 +01:00,1,1
BG,BG.BG-ExEA.AQ,NET-BG001A,STA-BG0050A,BG0050A,SPO-BG0050A_00005_100,SPP-BG_A_BETA_thermo5030SHARP,SPO_F-BG0050A_00005_100_100,PM10,http://dd.eionet.europa.eu/vocabulary/aq/pollutant/5,day,66.74,µg/m3,2014-12-11 00:00:00 +01:00,2014-12-12 00:00:00 +01:00,1,1
BG,BG.BG-ExEA.AQ,NET-BG001A,STA-BG0050A,BG0050A,SPO-BG0050A_00005_100,SPP-BG_A_BETA_thermo5030SHARP,SPO_F-BG0050A_00005_100_100,PM10,http://dd.eionet.europa.eu/vocabulary/aq/pollutant/5,day,19.14,µg/m3,2014-11-22 00:00:00 +01:00,2014-11-23 00:00:00 +01:00,1,1
BG,BG.BG-ExEA.AQ,NET-BG001A,STA-BG0050A,BG0050A,SPO-BG0050A_00005_100,SPP-BG_A_BETA_thermo5030SHARP,SPO_F-BG0050A_00005_100_100,PM10,http://dd.eionet.europa.eu/vocabulary/aq/pollutant/5,day,24.33,µg/m3,2014-06-26 00:00:00 +01:00,2014-06-27 00:00:00 +01:00,1,1
BG,BG.BG-ExEA.AQ,NET-BG001A,STA-BG0050A,BG0050A,SPO-BG0050A_00005_100,SPP-BG_A_BETA_thermo5030SHARP,SPO_F-BG0050A_00005_100_100,PM10,http://dd.eionet.europa.eu/vocabulary/aq/pollutant/5,day,27.89,µg/m3,2014-08-10 00:00:00 +01:00,2014-08-11 00:00:00 +01:00,1,1
BG,BG.BG-ExEA.AQ,NET-BG001A,STA-BG0050A,BG0050A,SPO-BG0050A_00005_100,SPP-BG_A_BETA_thermo5030SHARP,SPO_F-BG0050A_00005_100_100,PM10,http://dd.eionet.europa.eu/vocabulary/aq/pollutant/5,day,31.17,µg/m3,2014-08-11 00:00:00 +01:00,2014-08-12 00:00:00 +01:00,1,1
BG,BG.BG-ExEA.AQ,NET-BG001A,STA-BG0050A,BG0050A,SPO-BG0050A_00005_100,SPP-BG_A_BETA_thermo5030SHARP,SPO_F-BG0050A_00005_100_100,PM10,http://dd.eionet.europa.eu/vocabulary/aq/pollutant/5,day,38.21,µg/m3,2014-08-13 00:00:00 +01:00,2014-08-14 00:00:00 +01:00,1,1
BG,BG.BG-ExEA.AQ,NET-BG001A,STA-BG0050A,BG0050A,SPO-BG0050A_00005_100,SPP-BG_A_BETA_thermo5030SHARP,SPO_F-BG0050A_00005_100_100,PM10,http://dd.eionet.europa.eu/vocabulary/aq/pollutant/5,day,35.05,µg/m3,2014-08-20 00:00:00 +01:00,2014-08-21 00:00:00 +01:00,1,1
BG,BG.BG-ExEA.AQ,NET-BG001A,STA-BG0050A,BG0050A,SPO-BG0050A_00005_100,SPP-BG_A_BETA_thermo5030SHARP,SPO_F-BG0050A_00005_100_100,PM10,http://dd.eionet.europa.eu/vocabulary/aq/pollutant/5,day,32.6,µg/m3,2014-10-05 00:00:00 +01:00,2014-10-06 00:00:00 +01:00,1,1
BG,BG.BG-ExEA.AQ,NET-BG001A,STA-BG0050A,BG0050A,SPO-BG0050A_00005_100,SPP-BG_A_BETA_thermo5030SHARP,SPO_F-BG0050A_00005_100_100,PM10,http://dd.eionet.europa.eu/vocabulary/aq/pollutant/5,day,29.86,µg/m3,2014-10-29 00:00:00 +01:00,2014-10-30 00:00:00 +01:00,1,1
BG,BG.BG-ExEA.AQ,NET-BG001A,STA-BG0050A,BG0050A,SPO-BG0050A_00005_100,SPP-BG_A_BETA_thermo5030SHARP,SPO_F-BG0050A_00005_100_100,PM10,http://dd.eionet.europa.eu/vocabulary/aq/pollutant/5,day,76.84,µg/m3,2014-11-28 00:00:00 +01:00,2014-11-29 00:00:00 +01:00,1,1
BG,BG.BG-ExEA.AQ,NET-BG001A,STA-BG0050A,BG0050A,SPO-BG0050A_00005_100,SPP-BG_A_BETA_thermo5030SHARP,SPO_F-BG0050A_00005_100_100,PM10,http://dd.eionet.europa.eu/vocabulary/aq/pollutant/5,day,19.84,µg/m3,2014-07-25 00:00:00 +01:00,2014-07-26 00:00:00 +01:00,1,1
BG,BG.BG-ExEA.AQ,NET-BG001A,STA-BG0050A,BG0050A,SPO-BG0050A_00005_100,SPP-BG_A_BETA_thermo5030SHARP,SPO_F-BG0050A_00005_100_100,PM10,http://dd.eionet.europa.eu/vocabulary/aq/pollutant/5,day,61.39,µg/m3,2014-01-16 00:00:00 +01:00,2014-01-17 00:00:00 +01:00,1,1
BG,BG.BG-ExEA.AQ,NET-BG001A,STA-BG0050A,BG0050A,SPO-BG0050A_00005_100,SPP-BG_A_BETA_thermo5030SHARP,SPO_F-BG0050A_00005_100_100,PM10,http://dd.eionet.europa.eu/vocabulary/aq/pollutant/5,day,38.4,µg/m3,2014-09-02 00:00:00 +01:00,2014-09-03 00:00:00 +01:00,1,1
BG,BG.BG-ExEA.AQ,NET-BG001A,STA-BG0050A,BG0050A,SPO-BG0050A_00005_100,SPP-BG_A_BETA_thermo5030SHARP,SPO_F-BG0050A_00005_100_100,PM10,http://dd.eionet.europa.eu/vocabulary/aq/pollutant/5,day,37.99,µg/m3,2014-09-09 00:00:00 +01:00,2014-09-10 00:00:00 +01:00,1,1
BG,BG.BG-ExEA.AQ,NET-BG001A,STA-BG0050A,BG0050A,SPO-BG0050A_00005_100,SPP-BG_A_BETA_thermo5030SHARP,SPO_F-BG0050A_00005_100_100,PM10,http://dd.eionet.europa.eu/vocabulary/aq/pollutant/5,day,44.41,µg/m3,2014-10-02 00:00:00 +01:00,2014-10-03 00:00:00 +01:00,1,1
BG,BG.BG-ExEA.AQ,NET-BG001A,STA-BG0050A,BG0050A,SPO-BG0050A_00005_100,SPP-BG_A_BETA_thermo5030SHARP,SPO_F-BG0050A_00005_100_100,PM10,http://dd.eionet.europa.eu/vocabulary/aq/pollutant/5,day,44.9,µg/m3,2014-10-06 00:00:00 +01:00,2014-10-07 00:00:00 +01:00,1,1
BG,BG.BG-ExEA.AQ,NET-BG001A,STA-BG0050A,BG0050A,SPO-BG0050A_00005_100,SPP-BG_A_BETA_thermo5030SHARP,SPO_F-BG0050A_00005_100_100,PM10,http://dd.eionet.europa.eu/vocabulary/aq/pollutant/5,day,43.21,µg/m3,2014-01-21 00:00:00 +01:00,2014-01-22 00:00:00 +01:00,1,1
BG,BG.BG-ExEA.AQ,NET-BG001A,STA-BG0050A,BG0050A,SPO-BG0050A_00005_100,SPP-BG_A_BETA_thermo5030SHARP,SPO_F-BG0050A_00005_100_100,PM10,http://dd.eionet.europa.eu/vocabulary/aq/pollutant/5,day,70.52,µg/m3,2014-10-14 00:00:00 +01:00,2014-10-15 00:00:00 +01:00,1,1
BG,BG.BG-ExEA.AQ,NET-BG001A,STA-BG0050A,BG0050A,SPO-BG0050A_00005_100,SPP-BG_A_BETA_thermo5030SHARP,SPO_F-BG0050A_00005_100_100,PM10,http://dd.eionet.europa.eu/vocabulary/aq/pollutant/5,day,43.38,µg/m3,2014-10-09 00:00:00 +01:00,2014-10-10 00:00:00 +01:00,1,1
BG,BG.BG-ExEA.AQ,NET-BG001A,STA-BG0050A,BG0050A,SPO-BG0050A_00005_100,SPP-BG_A_BETA_thermo5030SHARP,SPO_F-BG0050A_00005_100_100,PM10,http://dd.eionet.europa.eu/vocabulary/aq/pollutant/5,day,32.6,µg/m3,2014-10-28 00:00:00 +01:00,2014-10-29 00:00:00 +01:00,1,1
BG,BG.BG-ExEA.AQ,NET-BG001A,STA-BG0050A,BG0050A,SPO-BG0050A_00005_100,SPP-BG_A_BETA_thermo5030SHARP,SPO_F-BG0050A_00005_100_100,PM10,http://dd.eionet.europa.eu/vocabulary/aq/pollutant/5,day,24.49,µg/m3,2014-01-25 00:00:00 +01:00,2014-01-26 00:00:00 +01:00,1,1
BG,BG.BG-ExEA.AQ,NET-BG001A,STA-BG0050A,BG0050A,SPO-BG0050A_00005_100,SPP-BG_A_BETA_thermo5030SHARP,SPO_F-BG0050A_00005_100_100,PM10,http://dd.eionet.europa.eu/vocabulary/aq/pollutant/5,day,72.46,µg/m3,2014-01-24 00:00:00 +01:00,2014-01-25 00:00:00 +01:00,1,1
BG,BG.BG-ExEA.AQ,NET-BG001A,STA-BG0050A,BG0050A,SPO-BG0050A_00005_100,SPP-BG_A_BETA_thermo5030SHARP,SPO_F-BG0050A_00005_100_100,PM10,http://dd.eionet.europa.eu/vocabulary/aq/pollutant/5,day,65.15,µg/m3,2014-01-28 00:00:00 +01:00,2014-01-29 00:00:00 +01:00,1,1
BG,BG.BG-ExEA.AQ,NET-BG001A,STA-BG0050A,BG0050A,SPO-BG0050A_00005_100,SPP-BG_A_BETA_thermo5030SHARP,SPO_F-BG0050A_00005_100_100,PM10,http://dd.eionet.europa.eu/vocabulary/aq/pollutant/5,day,26.62,µg/m3,2014-06-28 00:00:00 +01:00,2014-06-29 00:00:00 +01:00,1,1
BG,BG.BG-ExEA.AQ,NET-BG001A,STA-BG0050A,BG0050A,SPO-BG0050A_00005_100,SPP-BG_A_BETA_thermo5030SHARP,SPO_F-BG0050A_00005_100_100,PM10,http://dd.eionet.europa.eu/vocabulary/aq/pollutant/5,day,124.73,µg/m3,2014-11-11 00:00:00 +01:00,2014-11-12 00:00:00 +01:00,1,1
BG,BG.BG-ExEA.AQ,NET-BG001A,STA-BG0050A,BG0050A,SPO-BG0050A_00005_100,SPP-BG_A_BETA_thermo5030SHARP,SPO_F-BG0050A_00005_100_100,PM10,http://dd.eionet.europa.eu/vocabulary/aq/pollutant/5,day,40.67,µg/m3,2014-11-12 00:00:00 +01:00,2014-11-13 00:00:00 +01:00,1,1
BG,BG.BG-ExEA.AQ,NET-BG001A,STA-BG0050A,BG0050A,SPO-BG0050A_00005_100,SPP-BG_A_BETA_thermo5030SHARP,SPO_F-BG0050A_00005_100_100,PM10,http://dd.eionet.europa.eu/vocabulary/aq/pollutant/5,day,20.08,µg/m3,2014-11-14 00:00:00 +01:00,2014-11-15 00:00:00 +01:00,1,1
BG,BG.BG-ExEA.AQ,NET-BG001A,STA-BG0050A,BG0050A,SPO-BG0050A_00005_100,SPP-BG_A_BETA_thermo5030SHARP,SPO_F-BG0050A_00005_100_100,PM10,http://dd.eionet.europa.eu/vocabulary/aq/pollutant/5,day,22.46,µg/m3,2014-03-03 00:00:00 +01:00,2014-03-04 00:00:00 +01:00,1,1
BG,BG.BG-ExEA.AQ,NET-BG001A,STA-BG0050A,BG0050A,SPO-BG0050A_00005_100,SPP-BG_A_BETA_thermo5030SHARP,SPO_F-BG0050A_00005_100_100,PM10,http://dd.eionet.europa.eu/vocabulary/aq/pollutant/5,day,73.52,µg/m3,2014-02-28 00:00:00 +01:00,2014-03-01 00:00:00 +01:00,1,1
BG,BG.BG-ExEA.AQ,NET-BG001A,STA-BG0050A,BG0050A,SPO-BG0050A_00005_100,SPP-BG_A_BETA_thermo5030SHARP,SPO_F-BG0050A_00005_100_100,PM10,http://dd.eionet.europa.eu/vocabulary/aq/pollutant/5,day,19.21,µg/m3,2014-06-29 00:00:00 +01:00,2014-06-30 00:00:00 +01:00,1,1
BG,BG.BG-ExEA.AQ,NET-BG001A,STA-BG0050A,BG0050A,SPO-BG0050A_00005_100,SPP-BG_A_BETA_thermo5030SHARP,SPO_F-BG0050A_00005_100_100,PM10,http://dd.eionet.europa.eu/vocabulary/aq/pollutant/5,day,11.99,µg/m3,2014-03-08 00:00:00 +01:00,2014-03-09 00:00:00 +01:00,1,1
BG,BG.BG-ExEA.AQ,NET-BG001A,STA-BG0050A,BG0050A,SPO-BG0050A_00005_100,SPP-BG_A_BETA_thermo5030SHARP,SPO_F-BG0050A_00005_100_100,PM10,http://dd.eionet.europa.eu/vocabulary/aq/pollutant/5,day,90.22,µg/m3,2014-03-14 00:00:00 +01:00,2014-03-15 00:00:00 +01:00,1,1
BG,BG.BG-ExEA.AQ,NET-BG001A,STA-BG0050A,BG0050A,SPO-BG0050A_00005_100,SPP-BG_A_BETA_thermo5030SHARP,SPO_F-BG0050A_00005_100_100,PM10,http://dd.eionet.europa.eu/vocabulary/aq/pollutant/5,day,20.83,µg/m3,2014-03-16 00:00:00 +01:00,2014-03-17 00:00:00 +01:00,1,1
BG,BG.BG-ExEA.AQ,NET-BG001A,STA-BG0050A,BG0050A,SPO-BG0050A_00005_100,SPP-BG_A_BETA_thermo5030SHARP,SPO_F-BG0050A_00005_100_100,PM10,http://dd.eionet.europa.eu/vocabulary/aq/pollutant/5,day,35.78,µg/m3,2014-03-22 00:00:00 +01:00,2014-03-23 00:00:00 +01:00,1,1
BG,BG.BG-ExEA.AQ,NET-BG001A,STA-BG0050A,BG0050A,SPO-BG0050A_00005_100,SPP-BG_A_BETA_thermo5030SHARP,SPO_F-BG0050A_00005_100_100,PM10,http://dd.eionet.europa.eu/vocabulary/aq/pollutant/5,day,16.46,µg/m3,2014-07-01 00:00:00 +01:00,2014-07-02 00:00:00 +01:00,1,1
BG,BG.BG-ExEA.AQ,NET-BG001A,STA-BG0050A,BG0050A,SPO-BG0050A_00005_100,SPP-BG_A_BETA_thermo5030SHARP,SPO_F-BG0050A_00005_100_100,PM10,http://dd.eionet.europa.eu/vocabulary/aq/pollutant/5,day,24.74,µg/m3,2014-04-15 00:00:00 +01:00,2014-04-16 00:00:00 +01:00,1,1
BG,BG.BG-ExEA.AQ,NET-BG001A,STA-BG0050A,BG0050A,SPO-BG0050A_00005_100,SPP-BG_A_BETA_thermo5030SHARP,SPO_F-BG0050A_00005_100_100,PM10,http://dd.eionet.europa.eu/vocabulary/aq/pollutant/5,day,59.6,µg/m3,2014-04-04 00:00:00 +01:00,2014-04-05 00:00:00 +01:00,1,1
BG,BG.BG-ExEA.AQ,NET-BG001A,STA-BG0050A,BG0050A,SPO-BG0050A_00005_100,SPP-BG_A_BETA_thermo5030SHARP,SPO_F-BG0050A_00005_100_100,PM10,http://dd.eionet.europa.eu/vocabulary/aq/pollutant/5,day,55.93,µg/m3,2014-12-12 00:00:00 +01:00,2014-12-13 00:00:00 +01:00,1,1
BG,BG.BG-ExEA.AQ,NET-BG001A,STA-BG0050A,BG0050A,SPO-BG0050A_00005_100,SPP-BG_A_BETA_thermo5030SHARP,SPO_F-BG0050A_00005_100_100,PM10,http://dd.eionet.europa.eu/vocabulary/aq/pollutant/5,day,18.29,µg/m3,2014-05-11 00:00:00 +01:00,2014-05-12 00:00:00 +01:00,1,1
BG,BG.BG-ExEA.AQ,NET-BG001A,STA-BG0050A,BG0050A,SPO-BG0050A_00005_100,SPP-BG_A_BETA_thermo5030SHARP,SPO_F-BG0050A_00005_100_100,PM10,http://dd.eionet.europa.eu/vocabulary/aq/pollutant/5,day,19.01,µg/m3,2014-05-14 00:00:00 +01:00,2014-05-15 00:00:00 +01:00,1,1
BG,BG.BG-ExEA.AQ,NET-BG001A,STA-BG0050A,BG0050A,SPO-BG0050A_00005_100,SPP-BG_A_BETA_thermo5030SHARP,SPO_F-BG0050A_00005_100_100,PM10,http://dd.eionet.europa.eu/vocabulary/aq/pollutant/5,day,23.5,µg/m3,2014-05-12 00:00:00 +01:00,2014-05-13 00:00:00 +01:00,1,1
BG,BG.BG-ExEA.AQ,NET-BG001A,STA-BG0050A,BG0050A,SPO-BG0050A_00005_100,SPP-BG_A_BETA_thermo5030SHARP,SPO_F-BG0050A_00005_100_100,PM10,http://dd.eionet.europa.eu/vocabulary/aq/pollutant/5,day,14.91,µg/m3,2014-12-06 00:00:00 +01:00,2014-12-07 00:00:00 +01:00,1,1
BG,BG.BG-ExEA.AQ,NET-BG001A,STA-BG0050A,BG0050A,SPO-BG0050A_00005_100,SPP-BG_A_BETA_thermo5030SHARP,SPO_F-BG0050A_00005_100_100,PM10,http://dd.eionet.europa.eu/vocabulary/aq/pollutant/5,day,25.18,µg/m3,2014-05-21 00:00:00 +01:00,2014-05-22 00:00:00 +01:00,1,1
BG,BG.BG-ExEA.AQ,NET-BG001A,STA-BG0050A,BG0050A,SPO-BG0050A_00005_100,SPP-BG_A_BETA_thermo5030SHARP,SPO_F-BG0050A_00005_100_100,PM10,http://dd.eionet.europa.eu/vocabulary/aq/pollutant/5,day,16.12,µg/m3,2014-04-26 00:00:00 +01:00,2014-04-27 00:00:00 +01:00,1,1
BG,BG.BG-ExEA.AQ,NET-BG001A,STA-BG0050A,BG0050A,SPO-BG0050A_00005_100,SPP-BG_A_BETA_thermo5030SHARP,SPO_F-BG0050A_00005_100_100,PM10,http://dd.eionet.europa.eu/vocabulary/aq/pollutant/5,day,28.16,µg/m3,2014-11-25 00:00:00 +01:00,2014-11-26 00:00:00 +01:00,1,1
BG,BG.BG-ExEA.AQ,NET-BG001A,STA-BG0050A,BG0050A,SPO-BG0050A_00005_100,SPP-BG_A_BETA_thermo5030SHARP,SPO_F-BG0050A_00005_100_100,PM10,http://dd.eionet.europa.eu/vocabulary/aq/pollutant/5,day,43.64,µg/m3,2014-11-26 00:00:00 +01:00,2014-11-27 00:00:00 +01:00,1,1
BG,BG.BG-ExEA.AQ,NET-BG001A,STA-BG0050A,BG0050A,SPO-BG0050A_00005_100,SPP-BG_A_BETA_thermo5030SHARP,SPO_F-BG0050A_00005_100_100,PM10,http://dd.eionet.europa.eu/vocabulary/aq/pollutant/5,day,22.04,µg/m3,2014-12-27 00:00:00 +01:00,2014-12-28 00:00:00 +01:00,1,1
BG,BG.BG-ExEA.AQ,NET-BG001A,STA-BG0050A,BG0050A,SPO-BG0050A_00005_100,SPP-BG_A_BETA_thermo5030SHARP,SPO_F-BG0050A_00005_100_100,PM10,http://dd.eionet.europa.eu/vocabulary/aq/pollutant/5,day,15.37,µg/m3,2014-12-01 00:00:00 +01:00,2014-12-02 00:00:00 +01:00,1,1
BG,BG.BG-ExEA.AQ,NET-BG001A,STA-BG0050A,BG0050A,SPO-BG0050A_00005_100,SPP-BG_A_BETA_thermo5030SHARP,SPO_F-BG0050A_00005_100_100,PM10,http://dd.eionet.europa.eu/vocabulary/aq/pollutant/5,day,151.35,µg/m3,2014-11-29 00:00:00 +01:00,2014-11-30 00:00:00 +01:00,1,1
BG,BG.BG-ExEA.AQ,NET-BG001A,STA-BG0050A,BG0050A,SPO-BG0050A_00005_100,SPP-BG_A_BETA_thermo5030SHARP,SPO_F-BG0050A_00005_100_100,PM10,http://dd.eionet.europa.eu/vocabulary/aq/pollutant/5,day,25.73,µg/m3,2014-12-30 00:00:00 +01:00,2014-12-31 00:00:00 +01:00,1,1
BG,BG.BG-ExEA.AQ,NET-BG001A,STA-BG0050A,BG0050A,SPO-BG0050A_00005_100,SPP-BG_A_BETA_thermo5030SHARP,SPO_F-BG0050A_00005_100_100,PM10,http://dd.eionet.europa.eu/vocabulary/aq/pollutant/5,day,33.97,µg/m3,2014-12-05 00:00:00 +01:00,2014-12-06 00:00:00 +01:00,1,1
BG,BG.BG-ExEA.AQ,NET-BG001A,STA-BG0050A,BG0050A,SPO-BG0050A_00005_100,SPP-BG_A_BETA_thermo5030SHARP,SPO_F-BG0050A_00005_100_100,PM10,http://dd.eionet.europa.eu/vocabulary/aq/pollutant/5,day,116.01,µg/m3,2014-12-14 00:00:00 +01:00,2014-12-15 00:00:00 +01:00,1,1
BG,BG.BG-ExEA.AQ,NET-BG001A,STA-BG0050A,BG0050A,SPO-BG0050A_00005_100,SPP-BG_A_BETA_thermo5030SHARP,SPO_F-BG0050A_00005_100_100,PM10,http://dd.eionet.europa.eu/vocabulary/aq/pollutant/5,day,137.31,µg/m3,2014-12-15 00:00:00 +01:00,2014-12-16 00:00:00 +01:00,1,1
BG,BG.BG-ExEA.AQ,NET-BG001A,STA-BG0050A,BG0050A,SPO-BG0050A_00005_100,SPP-BG_A_BETA_thermo5030SHARP,SPO_F-BG0050A_00005_100_100,PM10,http://dd.eionet.europa.eu/vocabulary/aq/pollutant/5,day,28.66,µg/m3,2014-12-29 00:00:00 +01:00,2014-12-30 00:00:00 +01:00,1,1
BG,BG.BG-ExEA.AQ,NET-BG001A,STA-BG0050A,BG0050A,SPO-BG0050A_00005_100,SPP-BG_A_BETA_thermo5030SHARP,SPO_F-BG0050A_00005_100_100,PM10,http://dd.eionet.europa.eu/vocabulary/aq/pollutant/5,day,30.31,µg/m3,2014-06-10 00:00:00 +01:00,2014-06-11 00:00:00 +01:00,1,1
BG,BG.BG-ExEA.AQ,NET-BG001A,STA-BG0050A,BG0050A,SPO-BG0050A_00005_100,SPP-BG_A_BETA_thermo5030SHARP,SPO_F-BG0050A_00005_100_100,PM10,http://dd.eionet.europa.eu/vocabulary/aq/pollutant/5,day,16.09,µg/m3,2014-06-01 00:00:00 +01:00,2014-06-02 00:00:00 +01:00,1,1
BG,BG.BG-ExEA.AQ,NET-BG001A,STA-BG0050A,BG0050A,SPO-BG0050A_00005_100,SPP-BG_A_BETA_thermo5030SHARP,SPO_F-BG0050A_00005_100_100,PM10,http://dd.eionet.europa.eu/vocabulary/aq/pollutant/5,day,24.96,µg/m3,2014-05-29 00:00:00 +01:00,2014-05-30 00:00:00 +01:00,1,1
BG,BG.BG-ExEA.AQ,NET-BG001A,STA-BG0050A,BG0050A,SPO-BG0050A_00005_100,SPP-BG_A_BETA_thermo5030SHARP,SPO_F-BG0050A_00005_100_100,PM10,http://dd.eionet.europa.eu/vocabulary/aq/pollutant/5,day,22.88,µg/m3,2014-06-14 00:00:00 +01:00,2014-06-15 00:00:00 +01:00,1,1
BG,BG.BG-ExEA.AQ,NET-BG001A,STA-BG0050A,BG0050A,SPO-BG0050A_00005_100,SPP-BG_A_BETA_thermo5030SHARP,SPO_F-BG0050A_00005_100_100,PM10,http://dd.eionet.europa.eu/vocabulary/aq/pollutant/5,day,25.51,µg/m3,2014-06-23 00:00:00 +01:00,2014-06-24 00:00:00 +01:00,1,1
BG,BG.BG-ExEA.AQ,NET-BG001A,STA-BG0050A,BG0050A,SPO-BG0050A_00005_100,SPP-BG_A_BETA_thermo5030SHARP,SPO_F-BG0050A_00005_100_100,PM10,http://dd.eionet.europa.eu/vocabulary/aq/pollutant/5,day,13.06,µg/m3,2014-06-22 00:00:00 +01:00,2014-06-23 00:00:00 +01:00,1,1
BG,BG.BG-ExEA.AQ,NET-BG001A,STA-BG0050A,BG0050A,SPO-BG0050A_00005_100,SPP-BG_A_BETA_thermo5030SHARP,SPO_F-BG0050A_00005_100_100,PM10,http://dd.eionet.europa.eu/vocabulary/aq/pollutant/5,day,14.34,µg/m3,2014-07-14 00:00:00 +01:00,2014-07-15 00:00:00 +01:00,1,1
BG,BG.BG-ExEA.AQ,NET-BG001A,STA-BG0050A,BG0050A,SPO-BG0050A_00005_100,SPP-BG_A_BETA_thermo5030SHARP,SPO_F-BG0050A_00005_100_100,PM10,http://dd.eionet.europa.eu/vocabulary/aq/pollutant/5,day,23.26,µg/m3,2014-07-16 00:00:00 +01:00,2014-07-17 00:00:00 +01:00,1,1
BG,BG.BG-ExEA.AQ,NET-BG001A,STA-BG0050A,BG0050A,SPO-BG0050A_00005_100,SPP-BG_A_BETA_thermo5030SHARP,SPO_F-BG0050A_00005_100_100,PM10,http://dd.eionet.europa.eu/vocabulary/aq/pollutant/5,day,22.09,µg/m3,2014-07-15 00:00:00 +01:00,2014-07-16 00:00:00 +01:00,1,1
BG,BG.BG-ExEA.AQ,NET-BG001A,STA-BG0050A,BG0050A,SPO-BG0050A_00005_100,SPP-BG_A_BETA_thermo5030SHARP,SPO_F-BG0050A_00005_100_100,PM10,http://dd.eionet.europa.eu/vocabulary/aq/pollutant/5,day,26.27,µg/m3,2014-07-18 00:00:00 +01:00,2014-07-19 00:00:00 +01:00,1,1
BG,BG.BG-ExEA.AQ,NET-BG001A,STA-BG0050A,BG0050A,SPO-BG0050A_00005_100,SPP-BG_A_BETA_thermo5030SHARP,SPO_F-BG0050A_00005_100_100,PM10,http://dd.eionet.europa.eu/vocabulary/aq/pollutant/5,day,23.92,µg/m3,2014-07-17 00:00:00 +01:00,2014-07-18 00:00:00 +01:00,1,1
BG,BG.BG-ExEA.AQ,NET-BG001A,STA-BG0050A,BG0050A,SPO-BG0050A_00005_100,SPP-BG_A_BETA_thermo5030SHARP,SPO_F-BG0050A_00005_100_100,PM10,http://dd.eionet.europa.eu/vocabulary/aq/pollutant/5,day,27.43,µg/m3,2014-07-06 00:00:00 +01:00,2014-07-07 00:00:00 +01:00,1,1
BG,BG.BG-ExEA.AQ,NET-BG001A,STA-BG0050A,BG0050A,SPO-BG0050A_00005_100,SPP-BG_A_BETA_thermo5030SHARP,SPO_F-BG0050A_00005_100_100,PM10,http://dd.eionet.europa.eu/vocabulary/aq/pollutant/5,day,21.43,µg/m3,2014-08-02 00:00:00 +01:00,2014-08-03 00:00:00 +01:00,1,1
BG,BG.BG-ExEA.AQ,NET-BG001A,STA-BG0050A,BG0050A,SPO-BG0050A_00005_100,SPP-BG_A_BETA_thermo5030SHARP,SPO_F-BG0050A_00005_100_100,PM10,http://dd.eionet.europa.eu/vocabulary/aq/pollutant/5,day,35.01,µg/m3,2014-07-31 00:00:00 +01:00,2014-08-01 00:00:00 +01:00,1,1
BG,BG.BG-ExEA.AQ,NET-BG001A,STA-BG0050A,BG0050A,SPO-BG0050A_00005_100,SPP-BG_A_BETA_thermo5030SHARP,SPO_F-BG0050A_00005_100_100,PM10,http://dd.eionet.europa.eu/vocabulary/aq/pollutant/5,day,23.2,µg/m3,2014-07-29 00:00:00 +01:00,2014-07-30 00:00:00 +01:00,1,1
BG,BG.BG-ExEA.AQ,NET-BG001A,STA-BG0050A,BG0050A,SPO-BG0050A_00005_100,SPP-BG_A_BETA_thermo5030SHARP,SPO_F-BG0050A_00005_100_100,PM10,http://dd.eionet.europa.eu/vocabulary/aq/pollutant/5,day,43.53,µg/m3,2014-08-14 00:00:00 +01:00,2014-08-15 00:00:00 +01:00,1,1
BG,BG.BG-ExEA.AQ,NET-BG001A,STA-BG0050A,BG0050A,SPO-BG0050A_00005_100,SPP-BG_A_BETA_thermo5030SHARP,SPO_F-BG0050A_00005_100_100,PM10,http://dd.eionet.europa.eu/vocabulary/aq/pollutant/5,day,19.44,µg/m3,2014-06-15 00:00:00 +01:00,2014-06-16 00:00:00 +01:00,1,1
BG,BG.BG-ExEA.AQ,NET-BG001A,STA-BG0050A,BG0050A,SPO-BG0050A_00005_100,SPP-BG_A_BETA_thermo5030SHARP,SPO_F-BG0050A_00005_100_100,PM10,http://dd.eionet.europa.eu/vocabulary/aq/pollutant/5,day,16.93,µg/m3,2014-06-17 00:00:00 +01:00,2014-06-18 00:00:00 +01:00,1,1
BG,BG.BG-ExEA.AQ,NET-BG001A,STA-BG0050A,BG0050A,SPO-BG0050A_00005_100,SPP-BG_A_BETA_thermo5030SHARP,SPO_F-BG0050A_00005_100_100,PM10,http://dd.eionet.europa.eu/vocabulary/aq/pollutant/5,day,35.67,µg/m3,2014-08-16 00:00:00 +01:00,2014-08-17 00:00:00 +01:00,1,1
BG,BG.BG-ExEA.AQ,NET-BG001A,STA-BG0050A,BG0050A,SPO-BG0050A_00005_100,SPP-BG_A_BETA_thermo5030SHARP,SPO_F-BG0050A_00005_100_100,PM10,http://dd.eionet.europa.eu/vocabulary/aq/pollutant/5,day,13.27,µg/m3,2014-06-19 00:00:00 +01:00,2014-06-20 00:00:00 +01:00,1,1
BG,BG.BG-ExEA.AQ,NET-BG001A,STA-BG0050A,BG0050A,SPO-BG0050A_00005_100,SPP-BG_A_BETA_thermo5030SHARP,SPO_F-BG0050A_00005_100_100,PM10,http://dd.eionet.europa.eu/vocabulary/aq/pollutant/5,day,33.8,µg/m3,2014-08-27 00:00:00 +01:00,2014-08-28 00:00:00 +01:00,1,1
BG,BG.BG-ExEA.AQ,NET-BG001A,STA-BG0050A,BG0050A,SPO-BG0050A_00005_100,SPP-BG_A_BETA_thermo5030SHARP,SPO_F-BG0050A_00005_100_100,PM10,http://dd.eionet.europa.eu/vocabulary/aq/pollutant/5,day,29.94,µg/m3,2014-08-24 00:00:00 +01:00,2014-08-25 00:00:00 +01:00,1,1
BG,BG.BG-ExEA.AQ,NET-BG001A,STA-BG0050A,BG0050A,SPO-BG0050A_00005_100,SPP-BG_A_BETA_thermo5030SHARP,SPO_F-BG0050A_00005_100_100,PM10,http://dd.eionet.europa.eu/vocabulary/aq/pollutant/5,day,31.85,µg/m3,2014-05-22 00:00:00 +01:00,2014-05-23 00:00:00 +01:00,1,1
BG,BG.BG-ExEA.AQ,NET-BG001A,STA-BG0050A,BG0050A,SPO-BG0050A_00005_100,SPP-BG_A_BETA_thermo5030SHARP,SPO_F-BG0050A_00005_100_100,PM10,http://dd.eionet.europa.eu/vocabulary/aq/pollutant/5,day,38.73,µg/m3,2014-09-20 00:00:00 +01:00,2014-09-21 00:00:00 +01:00,1,1
BG,BG.BG-ExEA.AQ,NET-BG001A,STA-BG0050A,BG0050A,SPO-BG0050A_00005_100,SPP-BG_A_BETA_thermo5030SHARP,SPO_F-BG0050A_00005_100_100,PM10,http://dd.eionet.europa.eu/vocabulary/aq/pollutant/5,day,32.62,µg/m3,2014-09-14 00:00:00 +01:00,2014-09-15 00:00:00 +01:00,1,1
BG,BG.BG-ExEA.AQ,NET-BG001A,STA-BG0050A,BG0050A,SPO-BG0050A_00005_100,SPP-BG_A_BETA_thermo5030SHARP,SPO_F-BG0050A_00005_100_100,PM10,http://dd.eionet.europa.eu/vocabulary/aq/pollutant/5,day,18.5,µg/m3,2014-05-30 00:00:00 +01:00,2014-05-31 00:00:00 +01:00,1,1
BG,BG.BG-ExEA.AQ,NET-BG001A,STA-BG0050A,BG0050A,SPO-BG0050A_00005_100,SPP-BG_A_BETA_thermo5030SHARP,SPO_F-BG0050A_00005_100_100,PM10,http://dd.eionet.europa.eu/vocabulary/aq/pollutant/5,day,26.23,µg/m3,2014-05-28 00:00:00 +01:00,2014-05-29 00:00:00 +01:00,1,1
BG,BG.BG-ExEA.AQ,NET-BG001A,STA-BG0050A,BG0050A,SPO-BG0050A_00005_100,SPP-BG_A_BETA_thermo5030SHARP,SPO_F-BG0050A_00005_100_100,PM10,http://dd.eionet.europa.eu/vocabulary/aq/pollutant/5,day,37.51,µg/m3,2014-09-13 00:00:00 +01:00,2014-09-14 00:00:00 +01:00,1,1
BG,BG.BG-ExEA.AQ,NET-BG001A,STA-BG0050A,BG0050A,SPO-BG0050A_00005_100,SPP-BG_A_BETA_thermo5030SHARP,SPO_F-BG0050A_00005_100_100,PM10,http://dd.eionet.europa.eu/vocabulary/aq/pollutant/5,day,28.62,µg/m3,2014-09-26 00:00:00 +01:00,2014-09-27 00:00:00 +01:00,1,1
BG,BG.BG-ExEA.AQ,NET-BG001A,STA-BG0050A,BG0050A,SPO-BG0050A_00005_100,SPP-BG_A_BETA_thermo5030SHARP,SPO_F-BG0050A_00005_100_100,PM10,http://dd.eionet.europa.eu/vocabulary/aq/pollutant/5,day,42.82,µg/m3,2014-10-01 00:00:00 +01:00,2014-10-02 00:00:00 +01:00,1,1
BG,BG.BG-ExEA.AQ,NET-BG001A,STA-BG0050A,BG0050A,SPO-BG0050A_00005_100,SPP-BG_A_BETA_thermo5030SHARP,SPO_F-BG0050A_00005_100_100,PM10,http://dd.eionet.europa.eu/vocabulary/aq/pollutant/5,day,11.96,µg/m3,2014-05-16 00:00:00 +01:00,2014-05-17 00:00:00 +01:00,1,1
BG,BG.BG-ExEA.AQ,NET-BG001A,STA-BG0050A,BG0050A,SPO-BG0050A_00005_100,SPP-BG_A_BETA_thermo5030SHARP,SPO_F-BG0050A_00005_100_100,PM10,http://dd.eionet.europa.eu/vocabulary/aq/pollutant/5,day,68.97,µg/m3,2014-10-15 00:00:00 +01:00,2014-10-16 00:00:00 +01:00,1,1
BG,BG.BG-ExEA.AQ,NET-BG001A,STA-BG0050A,BG0050A,SPO-BG0050A_00005_100,SPP-BG_A_BETA_thermo5030SHARP,SPO_F-BG0050A_00005_100_100,PM10,http://dd.eionet.europa.eu/vocabulary/aq/pollutant/5,day,50.94,µg/m3,2014-10-12 00:00:00 +01:00,2014-10-13 00:00:00 +01:00,1,1
BG,BG.BG-ExEA.AQ,NET-BG001A,STA-BG0050A,BG0050A,SPO-BG0050A_00005_100,SPP-BG_A_BETA_thermo5030SHARP,SPO_F-BG0050A_00005_100_100,PM10,http://dd.eionet.europa.eu/vocabulary/aq/pollutant/5,day,41.92,µg/m3,2014-10-11 00:00:00 +01:00,2014-10-12 00:00:00 +01:00,1,1
BG,BG.BG-ExEA.AQ,NET-BG001A,STA-BG0050A,BG0050A,SPO-BG0050A_00005_100,SPP-BG_A_BETA_thermo5030SHARP,SPO_F-BG0050A_00005_100_100,PM10,http://dd.eionet.europa.eu/vocabulary/aq/pollutant/5,day,25.2,µg/m3,2014-10-17 00:00:00 +01:00,2014-10-18 00:00:00 +01:00,1,1
BG,BG.BG-ExEA.AQ,NET-BG001A,STA-BG0050A,BG0050A,SPO-BG0050A_00005_100,SPP-BG_A_BETA_thermo5030SHARP,SPO_F-BG0050A_00005_100_100,PM10,http://dd.eionet.europa.eu/vocabulary/aq/pollutant/5,day,54.14,µg/m3,2014-10-31 00:00:00 +01:00,2014-11-01 00:00:00 +01:00,1,1
BG,BG.BG-ExEA.AQ,NET-BG001A,STA-BG0050A,BG0050A,SPO-BG0050A_00005_100,SPP-BG_A_BETA_thermo5030SHARP,SPO_F-BG0050A_00005_100_100,PM10,http://dd.eionet.europa.eu/vocabulary/aq/pollutant/5,day,42.48,µg/m3,2014-11-01 00:00:00 +01:00,2014-11-02 00:00:00 +01:00,1,1
BG,BG.BG-ExEA.AQ,NET-BG001A,STA-BG0050A,BG0050A,SPO-BG0050A_00005_100,SPP-BG_A_BETA_thermo5030SHARP,SPO_F-BG0050A_00005_100_100,PM10,http://dd.eionet.europa.eu/vocabulary/aq/pollutant/5,day,44.86,µg/m3,2014-11-02 00:00:00 +01:00,2014-11-03 00:00:00 +01:00,1,1
BG,BG.BG-ExEA.AQ,NET-BG001A,STA-BG0050A,BG0050A,SPO-BG0050A_00005_100,SPP-BG_A_BETA_thermo5030SHARP,SPO_F-BG0050A_00005_100_100,PM10,http://dd.eionet.europa.eu/vocabulary/aq/pollutant/5,day,184.03,µg/m3,2014-01-05 00:00:00 +01:00,2014-01-06 00:00:00 +01:00,1,1
BG,BG.BG-ExEA.AQ,NET-BG001A,STA-BG0050A,BG0050A,SPO-BG0050A_00005_100,SPP-BG_A_BETA_thermo5030SHARP,SPO_F-BG0050A_00005_100_100,PM10,http://dd.eionet.europa.eu/vocabulary/aq/pollutant/5,day,35.01,µg/m3,2014-11-13 00:00:00 +01:00,2014-11-14 00:00:00 +01:00,1,1
BG,BG.BG-ExEA.AQ,NET-BG001A,STA-BG0050A,BG0050A,SPO-BG0050A_00005_100,SPP-BG_A_BETA_thermo5030SHARP,SPO_F-BG0050A_00005_100_100,PM10,http://dd.eionet.europa.eu/vocabulary/aq/pollutant/5,day,100.99,µg/m3,2014-01-02 00:00:00 +01:00,2014-01-03 00:00:00 +01:00,1,1
BG,BG.BG-ExEA.AQ,NET-BG001A,STA-BG0050A,BG0050A,SPO-BG0050A_00005_100,SPP-BG_A_BETA_thermo5030SHARP,SPO_F-BG0050A_00005_100_100,PM10,http://dd.eionet.europa.eu/vocabulary/aq/pollutant/5,day,13.58,µg/m3,2014-04-30 00:00:00 +01:00,2014-05-01 00:00:00 +01:00,1,1
BG,BG.BG-ExEA.AQ,NET-BG001A,STA-BG0050A,BG0050A,SPO-BG0050A_00005_100,SPP-BG_A_BETA_thermo5030SHARP,SPO_F-BG0050A_00005_100_100,PM10,http://dd.eionet.europa.eu/vocabulary/aq/pollutant/5,day,79.99,µg/m3,2014-01-13 00:00:00 +01:00,2014-01-14 00:00:00 +01:00,1,1
BG,BG.BG-ExEA.AQ,NET-BG001A,STA-BG0050A,BG0050A,SPO-BG0050A_00005_100,SPP-BG_A_BETA_thermo5030SHARP,SPO_F-BG0050A_00005_100_100,PM10,http://dd.eionet.europa.eu/vocabulary/aq/pollutant/5,day,120.11,µg/m3,2014-01-17 00:00:00 +01:00,2014-01-18 00:00:00 +01:00,1,1
BG,BG.BG-ExEA.AQ,NET-BG001A,STA-BG0050A,BG0050A,SPO-BG0050A_00005_100,SPP-BG_A_BETA_thermo5030SHARP,SPO_F-BG0050A_00005_100_100,PM10,http://dd.eionet.europa.eu/vocabulary/aq/pollutant/5,day,142.12,µg/m3,2014-01-11 00:00:00 +01:00,2014-01-12 00:00:00 +01:00,1,1
BG,BG.BG-ExEA.AQ,NET-BG001A,STA-BG0050A,BG0050A,SPO-BG0050A_00005_100,SPP-BG_A_BETA_thermo5030SHARP,SPO_F-BG0050A_00005_100_100,PM10,http://dd.eionet.europa.eu/vocabulary/aq/pollutant/5,day,44.97,µg/m3,2014-04-22 00:00:00 +01:00,2014-04-23 00:00:00 +01:00,1,1
BG,BG.BG-ExEA.AQ,NET-BG001A,STA-BG0050A,BG0050A,SPO-BG0050A_00005_100,SPP-BG_A_BETA_thermo5030SHARP,SPO_F-BG0050A_00005_100_100,PM10,http://dd.eionet.europa.eu/vocabulary/aq/pollutant/5,day,409.41,µg/m3,2014-01-07 00:00:00 +01:00,2014-01-08 00:00:00 +01:00,1,1
BG,BG.BG-ExEA.AQ,NET-BG001A,STA-BG0050A,BG0050A,SPO-BG0050A_00005_100,SPP-BG_A_BETA_thermo5030SHARP,SPO_F-BG0050A_00005_100_100,PM10,http://dd.eionet.europa.eu/vocabulary/aq/pollutant/5,day,151.53,µg/m3,2014-01-18 00:00:00 +01:00,2014-01-19 00:00:00 +01:00,1,1
BG,BG.BG-ExEA.AQ,NET-BG001A,STA-BG0050A,BG0050A,SPO-BG0050A_00005_100,SPP-BG_A_BETA_thermo5030SHARP,SPO_F-BG0050A_00005_100_100,PM10,http://dd.eionet.europa.eu/vocabulary/aq/pollutant/5,day,68.12,µg/m3,2014-01-23 00:00:00 +01:00,2014-01-24 00:00:00 +01:00,1,1
BG,BG.BG-ExEA.AQ,NET-BG001A,STA-BG0050A,BG0050A,SPO-BG0050A_00005_100,SPP-BG_A_BETA_thermo5030SHARP,SPO_F-BG0050A_00005_100_100,PM10,http://dd.eionet.europa.eu/vocabulary/aq/pollutant/5,day,22.36,µg/m3,2014-01-22 00:00:00 +01:00,2014-01-23 00:00:00 +01:00,1,1
BG,BG.BG-ExEA.AQ,NET-BG001A,STA-BG0050A,BG0050A,SPO-BG0050A_00005_100,SPP-BG_A_BETA_thermo5030SHARP,SPO_F-BG0050A_00005_100_100,PM10,http://dd.eionet.europa.eu/vocabulary/aq/pollutant/5,day,63.39,µg/m3,2014-01-27 00:00:00 +01:00,2014-01-28 00:00:00 +01:00,1,1
BG,BG.BG-ExEA.AQ,NET-BG001A,STA-BG0050A,BG0050A,SPO-BG0050A_00005_100,SPP-BG_A_BETA_thermo5030SHARP,SPO_F-BG0050A_00005_100_100,PM10,http://dd.eionet.europa.eu/vocabulary/aq/pollutant/5,day,44.83,µg/m3,2014-04-02 00:00:00 +01:00,2014-04-03 00:00:00 +01:00,1,1
BG,BG.BG-ExEA.AQ,NET-BG001A,STA-BG0050A,BG0050A,SPO-BG0050A_00005_100,SPP-BG_A_BETA_thermo5030SHARP,SPO_F-BG0050A_00005_100_100,PM10,http://dd.eionet.europa.eu/vocabulary/aq/pollutant/5,day,71.57,µg/m3,2014-03-01 00:00:00 +01:00,2014-03-02 00:00:00 +01:00,1,1
BG,BG.BG-ExEA.AQ,NET-BG001A,STA-BG0050A,BG0050A,SPO-BG0050A_00005_100,SPP-BG_A_BETA_thermo5030SHARP,SPO_F-BG0050A_00005_100_100,PM10,http://dd.eionet.europa.eu/vocabulary/aq/pollutant/5,day,73.03,µg/m3,2014-02-27 00:00:00 +01:00,2014-02-28 00:00:00 +01:00,1,1
BG,BG.BG-ExEA.AQ,NET-BG001A,STA-BG0050A,BG0050A,SPO-BG0050A_00005_100,SPP-BG_A_BETA_thermo5030SHARP,SPO_F-BG0050A_00005_100_100,PM10,http://dd.eionet.europa.eu/vocabulary/aq/pollutant/5,day,21.94,µg/m3,2014-03-05 00:00:00 +01:00,2014-03-06 00:00:00 +01:00,1,1
BG,BG.BG-ExEA.AQ,NET-BG001A,STA-BG0050A,BG0050A,SPO-BG0050A_00005_100,SPP-BG_A_BETA_thermo5030SHARP,SPO_F-BG0050A_00005_100_100,PM10,http://dd.eionet.europa.eu/vocabulary/aq/pollutant/5,day,47.29,µg/m3,2014-03-31 00:00:00 +01:00,2014-04-01 00:00:00 +01:00,1,1
BG,BG.BG-ExEA.AQ,NET-BG001A,STA-BG0050A,BG0050A,SPO-BG0050A_00005_100,SPP-BG_A_BETA_thermo5030SHARP,SPO_F-BG0050A_00005_100_100,PM10,http://dd.eionet.europa.eu/vocabulary/aq/pollutant/5,day,66.4,µg/m3,2014-03-15 00:00:00 +01:00,2014-03-16 00:00:00 +01:00,1,1
BG,BG.BG-ExEA.AQ,NET-BG001A,STA-BG0050A,BG0050A,SPO-BG0050A_00005_100,SPP-BG_A_BETA_thermo5030SHARP,SPO_F-BG0050A_00005_100_100,PM10,http://dd.eionet.europa.eu/vocabulary/aq/pollutant/5,day,16.07,µg/m3,2014-03-17 00:00:00 +01:00,2014-03-18 00:00:00 +01:00,1,1
BG,BG.BG-ExEA.AQ,NET-BG001A,STA-BG0050A,BG0050A,SPO-BG0050A_00005_100,SPP-BG_A_BETA_thermo5030SHARP,SPO_F-BG0050A_00005_100_100,PM10,http://dd.eionet.europa.eu/vocabulary/aq/pollutant/5,day,35.47,µg/m3,2014-03-18 00:00:00 +01:00,2014-03-19 00:00:00 +01:00,1,1
BG,BG.BG-ExEA.AQ,NET-BG001A,STA-BG0050A,BG0050A,SPO-BG0050A_00005_100,SPP-BG_A_BETA_thermo5030SHARP,SPO_F-BG0050A_00005_100_100,PM10,http://dd.eionet.europa.eu/vocabulary/aq/pollutant/5,day,39.44,µg/m3,2014-03-23 00:00:00 +01:00,2014-03-24 00:00:00 +01:00,1,1
BG,BG.BG-ExEA.AQ,NET-BG001A,STA-BG0050A,BG0050A,SPO-BG0050A_00005_100,SPP-BG_A_BETA_thermo5030SHARP,SPO_F-BG0050A_00005_100_100,PM10,http://dd.eionet.europa.eu/vocabulary/aq/pollutant/5,day,30.23,µg/m3,2014-03-21 00:00:00 +01:00,2014-03-22 00:00:00 +01:00,1,1
BG,BG.BG-ExEA.AQ,NET-BG001A,STA-BG0050A,BG0050A,SPO-BG0050A_00005_100,SPP-BG_A_BETA_thermo5030SHARP,SPO_F-BG0050A_00005_100_100,PM10,http://dd.eionet.europa.eu/vocabulary/aq/pollutant/5,day,38.21,µg/m3,2014-03-24 00:00:00 +01:00,2014-03-25 00:00:00 +01:00,1,1
BG,BG.BG-ExEA.AQ,NET-BG001A,STA-BG0050A,BG0050A,SPO-BG0050A_00005_100,SPP-BG_A_BETA_thermo5030SHARP,SPO_F-BG0050A_00005_100_100,PM10,http://dd.eionet.europa.eu/vocabulary/aq/pollutant/5,day,20.42,µg/m3,2014-03-20 00:00:00 +01:00,2014-03-21 00:00:00 +01:00,1,1
BG,BG.BG-ExEA.AQ,NET-BG001A,STA-BG0050A,BG0050A,SPO-BG0050A_00005_100,SPP-BG_A_BETA_thermo5030SHARP,SPO_F-BG0050A_00005_100_100,PM10,http://dd.eionet.europa.eu/vocabulary/aq/pollutant/5,day,16.85,µg/m3,2014-03-28 00:00:00 +01:00,2014-03-29 00:00:00 +01:00,1,1
BG,BG.BG-ExEA.AQ,NET-BG001A,STA-BG0050A,BG0050A,SPO-BG0050A_00005_100,SPP-BG_A_BETA_thermo5030SHARP,SPO_F-BG0050A_00005_100_100,PM10,http://dd.eionet.europa.eu/vocabulary/aq/pollutant/5,day,29.82,µg/m3,2014-03-29 00:00:00 +01:00,2014-03-30 00:00:00 +01:00,1,1
BG,BG.BG-ExEA.AQ,NET-BG001A,STA-BG0050A,BG0050A,SPO-BG0050A_00005_100,SPP-BG_A_BETA_thermo5030SHARP,SPO_F-BG0050A_00005_100_100,PM10,http://dd.eionet.europa.eu/vocabulary/aq/pollutant/5,day,41.32,µg/m3,2014-04-09 00:00:00 +01:00,2014-04-10 00:00:00 +01:00,1,1
BG,BG.BG-ExEA.AQ,NET-BG001A,STA-BG0050A,BG0050A,SPO-BG0050A_00005_100,SPP-BG_A_BETA_thermo5030SHARP,SPO_F-BG0050A_00005_100_100,PM10,http://dd.eionet.europa.eu/vocabulary/aq/pollutant/5,day,22.27,µg/m3,2014-03-09 00:00:00 +01:00,2014-03-10 00:00:00 +01:00,1,1
BG,BG.BG-ExEA.AQ,NET-BG001A,STA-BG0050A,BG0050A,SPO-BG0050A_00005_100,SPP-BG_A_BETA_thermo5030SHARP,SPO_F-BG0050A_00005_100_100,PM10,http://dd.eionet.europa.eu/vocabulary/aq/pollutant/5,day,36.22,µg/m3,2014-04-08 00:00:00 +01:00,2014-04-09 00:00:00 +01:00,1,1
BG,BG.BG-ExEA.AQ,NET-BG001A,STA-BG0050A,BG0050A,SPO-BG0050A_00005_100,SPP-BG_A_BETA_thermo5030SHARP,SPO_F-BG0050A_00005_100_100,PM10,http://dd.eionet.europa.eu/vocabulary/aq/pollutant/5,day,32.43,µg/m3,2014-04-07 00:00:00 +01:00,2014-04-08 00:00:00 +01:00,1,1
BG,BG.BG-ExEA.AQ,NET-BG001A,STA-BG0050A,BG0050A,SPO-BG0050A_00005_100,SPP-BG_A_BETA_thermo5030SHARP,SPO_F-BG0050A_00005_100_100,PM10,http://dd.eionet.europa.eu/vocabulary/aq/pollutant/5,day,17.4,µg/m3,2014-04-10 00:00:00 +01:00,2014-04-11 00:00:00 +01:00,1,1
BG,BG.BG-ExEA.AQ,NET-BG001A,STA-BG0050A,BG0050A,SPO-BG0050A_00005_100,SPP-BG_A_BETA_thermo5030SHARP,SPO_F-BG0050A_00005_100_100,PM10,http://dd.eionet.europa.eu/vocabulary/aq/pollutant/5,day,43.71,µg/m3,2014-04-05 00:00:00 +01:00,2014-04-06 00:00:00 +01:00,1,1
BG,BG.BG-ExEA.AQ,NET-BG001A,STA-BG0050A,BG0050A,SPO-BG0050A_00005_100,SPP-BG_A_BETA_thermo5030SHARP,SPO_F-BG0050A_00005_100_100,PM10,http://dd.eionet.europa.eu/vocabulary/aq/pollutant/5,day,51.97,µg/m3,2014-04-03 00:00:00 +01:00,2014-04-04 00:00:00 +01:00,1,1
BG,BG.BG-ExEA.AQ,NET-BG001A,STA-BG0050A,BG0050A,SPO-BG0050A_00005_100,SPP-BG_A_BETA_thermo5030SHARP,SPO_F-BG0050A_00005_100_100,PM10,http://dd.eionet.europa.eu/vocabulary/aq/pollutant/5,day,38.52,µg/m3,2014-04-01 00:00:00 +01:00,2014-04-02 00:00:00 +01:00,1,1
BG,BG.BG-ExEA.AQ,NET-BG001A,STA-BG0050A,BG0050A,SPO-BG0050A_00005_100,SPP-BG_A_BETA_thermo5030SHARP,SPO_F-BG0050A_00005_100_100,PM10,http://dd.eionet.europa.eu/vocabulary/aq/pollutant/5,day,33.92,µg/m3,2014-03-02 00:00:00 +01:00,2014-03-03 00:00:00 +01:00,1,1
BG,BG.BG-ExEA.AQ,NET-BG001A,STA-BG0050A,BG0050A,SPO-BG0050A_00005_100,SPP-BG_A_BETA_thermo5030SHARP,SPO_F-BG0050A_00005_100_100,PM10,http://dd.eionet.europa.eu/vocabulary/aq/pollutant/5,day,25.62,µg/m3,2014-03-04 00:00:00 +01:00,2014-03-05 00:00:00 +01:00,1,1
BG,BG.BG-ExEA.AQ,NET-BG001A,STA-BG0050A,BG0050A,SPO-BG0050A_00005_100,SPP-BG_A_BETA_thermo5030SHARP,SPO_F-BG0050A_00005_100_100,PM10,http://dd.eionet.europa.eu/vocabulary/aq/pollutant/5,day,22.66,µg/m3,2014-04-12 00:00:00 +01:00,2014-04-13 00:00:00 +01:00,1,1
BG,BG.BG-ExEA.AQ,NET-BG001A,STA-BG0050A,BG0050A,SPO-BG0050A_00005_100,SPP-BG_A_BETA_thermo5030SHARP,SPO_F-BG0050A_00005_100_100,PM10,http://dd.eionet.europa.eu/vocabulary/aq/pollutant/5,day,14.35,µg/m3,2014-04-11 00:00:00 +01:00,2014-04-12 00:00:00 +01:00,1,1
BG,BG.BG-ExEA.AQ,NET-BG001A,STA-BG0050A,BG0050A,SPO-BG0050A_00005_100,SPP-BG_A_BETA_thermo5030SHARP,SPO_F-BG0050A_00005_100_100,PM10,http://dd.eionet.europa.eu/vocabulary/aq/pollutant/5,day,17.22,µg/m3,2014-04-25 00:00:00 +01:00,2014-04-26 00:00:00 +01:00,1,1
BG,BG.BG-ExEA.AQ,NET-BG001A,STA-BG0050A,BG0050A,SPO-BG0050A_00005_100,SPP-BG_A_BETA_thermo5030SHARP,SPO_F-BG0050A_00005_100_100,PM10,http://dd.eionet.europa.eu/vocabulary/aq/pollutant/5,day,48.76,µg/m3,2014-04-23 00:00:00 +01:00,2014-04-24 00:00:00 +01:00,1,1
BG,BG.BG-ExEA.AQ,NET-BG001A,STA-BG0050A,BG0050A,SPO-BG0050A_00005_100,SPP-BG_A_BETA_thermo5030SHARP,SPO_F-BG0050A_00005_100_100,PM10,http://dd.eionet.europa.eu/vocabulary/aq/pollutant/5,day,22.9,µg/m3,2014-04-20 00:00:00 +01:00,2014-04-21 00:00:00 +01:00,1,1
BG,BG.BG-ExEA.AQ,NET-BG001A,STA-BG0050A,BG0050A,SPO-BG0050A_00005_100,SPP-BG_A_BETA_thermo5030SHARP,SPO_F-BG0050A_00005_100_100,PM10,http://dd.eionet.europa.eu/vocabulary/aq/pollutant/5,day,33.16,µg/m3,2014-02-25 00:00:00 +01:00,2014-02-26 00:00:00 +01:00,1,1
BG,BG.BG-ExEA.AQ,NET-BG001A,STA-BG0050A,BG0050A,SPO-BG0050A_00005_100,SPP-BG_A_BETA_thermo5030SHARP,SPO_F-BG0050A_00005_100_100,PM10,http://dd.eionet.europa.eu/vocabulary/aq/pollutant/5,day,13.28,µg/m3,2014-05-05 00:00:00 +01:00,2014-05-06 00:00:00 +01:00,1,1
BG,BG.BG-ExEA.AQ,NET-BG001A,STA-BG0050A,BG0050A,SPO-BG0050A_00005_100,SPP-BG_A_BETA_thermo5030SHARP,SPO_F-BG0050A_00005_100_100,PM10,http://dd.eionet.europa.eu/vocabulary/aq/pollutant/5,day,35.49,µg/m3,2014-02-13 00:00:00 +01:00,2014-02-14 00:00:00 +01:00,1,1
BG,BG.BG-ExEA.AQ,NET-BG001A,STA-BG0050A,BG0050A,SPO-BG0050A_00005_100,SPP-BG_A_BETA_thermo5030SHARP,SPO_F-BG0050A_00005_100_100,PM10,http://dd.eionet.europa.eu/vocabulary/aq/pollutant/5,day,16.28,µg/m3,2014-05-06 00:00:00 +01:00,2014-05-07 00:00:00 +01:00,1,1
BG,BG.BG-ExEA.AQ,NET-BG001A,STA-BG0050A,BG0050A,SPO-BG0050A_00005_100,SPP-BG_A_BETA_thermo5030SHARP,SPO_F-BG0050A_00005_100_100,PM10,http://dd.eionet.europa.eu/vocabulary/aq/pollutant/5,day,23.72,µg/m3,2014-04-29 00:00:00 +01:00,2014-04-30 00:00:00 +01:00,1,1
BG,BG.BG-ExEA.AQ,NET-BG001A,STA-BG0050A,BG0050A,SPO-BG0050A_00005_100,SPP-BG_A_BETA_thermo5030SHARP,SPO_F-BG0050A_00005_100_100,PM10,http://dd.eionet.europa.eu/vocabulary/aq/pollutant/5,day,19.99,µg/m3,2014-05-01 00:00:00 +01:00,2014-05-02 00:00:00 +01:00,1,1
BG,BG.BG-ExEA.AQ,NET-BG001A,STA-BG0050A,BG0050A,SPO-BG0050A_00005_100,SPP-BG_A_BETA_thermo5030SHARP,SPO_F-BG0050A_00005_100_100,PM10,http://dd.eionet.europa.eu/vocabulary/aq/pollutant/5,day,15.73,µg/m3,2014-05-04 00:00:00 +01:00,2014-05-05 00:00:00 +01:00,1,1
BG,BG.BG-ExEA.AQ,NET-BG001A,STA-BG0050A,BG0050A,SPO-BG0050A_00005_100,SPP-BG_A_BETA_thermo5030SHARP,SPO_F-BG0050A_00005_100_100,PM10,http://dd.eionet.europa.eu/vocabulary/aq/pollutant/5,day,16.97,µg/m3,2014-05-02 00:00:00 +01:00,2014-05-03 00:00:00 +01:00,1,1
BG,BG.BG-ExEA.AQ,NET-BG001A,STA-BG0050A,BG0050A,SPO-BG0050A_00005_100,SPP-BG_A_BETA_thermo5030SHARP,SPO_F-BG0050A_00005_100_100,PM10,http://dd.eionet.europa.eu/vocabulary/aq/pollutant/5,day,19.4,µg/m3,2014-05-10 00:00:00 +01:00,2014-05-11 00:00:00 +01:00,1,1
BG,BG.BG-ExEA.AQ,NET-BG001A,STA-BG0050A,BG0050A,SPO-BG0050A_00005_100,SPP-BG_A_BETA_thermo5030SHARP,SPO_F-BG0050A_00005_100_100,PM10,http://dd.eionet.europa.eu/vocabulary/aq/pollutant/5,day,19.23,µg/m3,2014-02-10 00:00:00 +01:00,2014-02-11 00:00:00 +01:00,1,1
BG,BG.BG-ExEA.AQ,NET-BG001A,STA-BG0050A,BG0050A,SPO-BG0050A_00005_100,SPP-BG_A_BETA_thermo5030SHARP,SPO_F-BG0050A_00005_100_100,PM10,http://dd.eionet.europa.eu/vocabulary/aq/pollutant/5,day,35.15,µg/m3,2014-05-08 00:00:00 +01:00,2014-05-09 00:00:00 +01:00,1,1
BG,BG.BG-ExEA.AQ,NET-BG001A,STA-BG0050A,BG0050A,SPO-BG0050A_00005_100,SPP-BG_A_BETA_thermo5030SHARP,SPO_F-BG0050A_00005_100_100,PM10,http://dd.eionet.europa.eu/vocabulary/aq/pollutant/5,day,23.25,µg/m3,2014-05-09 00:00:00 +01:00,2014-05-10 00:00:00 +01:00,1,1
BG,BG.BG-ExEA.AQ,NET-BG001A,STA-BG0050A,BG0050A,SPO-BG0050A_00005_100,SPP-BG_A_BETA_thermo5030SHARP,SPO_F-BG0050A_00005_100_100,PM10,http://dd.eionet.europa.eu/vocabulary/aq/pollutant/5,day,40.48,µg/m3,2014-05-24 00:00:00 +01:00,2014-05-25 00:00:00 +01:00,1,1
BG,BG.BG-ExEA.AQ,NET-BG001A,STA-BG0050A,BG0050A,SPO-BG0050A_00005_100,SPP-BG_A_BETA_thermo5030SHARP,SPO_F-BG0050A_00005_100_100,PM10,http://dd.eionet.europa.eu/vocabulary/aq/pollutant/5,day,38,µg/m3,2014-05-23 00:00:00 +01:00,2014-05-24 00:00:00 +01:00,1,1
BG,BG.BG-ExEA.AQ,NET-BG001A,STA-BG0050A,BG0050A,SPO-BG0050A_00005_100,SPP-BG_A_BETA_thermo5030SHARP,SPO_F-BG0050A_00005_100_100,PM10,http://dd.eionet.europa.eu/vocabulary/aq/pollutant/5,day,58.53,µg/m3,2014-02-05 00:00:00 +01:00,2014-02-06 00:00:00 +01:00,1,1
BG,BG.BG-ExEA.AQ,NET-BG001A,STA-BG0050A,BG0050A,SPO-BG0050A_00005_100,SPP-BG_A_BETA_thermo5030SHARP,SPO_F-BG0050A_00005_100_100,PM10,http://dd.eionet.europa.eu/vocabulary/aq/pollutant/5,day,24.85,µg/m3,2014-05-27 00:00:00 +01:00,2014-05-28 00:00:00 +01:00,1,1
BG,BG.BG-ExEA.AQ,NET-BG001A,STA-BG0050A,BG0050A,SPO-BG0050A_00005_100,SPP-BG_A_BETA_thermo5030SHARP,SPO_F-BG0050A_00005_100_100,PM10,http://dd.eionet.europa.eu/vocabulary/aq/pollutant/5,day,104.41,µg/m3,2014-01-29 00:00:00 +01:00,2014-01-30 00:00:00 +01:00,1,1
BG,BG.BG-ExEA.AQ,NET-BG001A,STA-BG0050A,BG0050A,SPO-BG0050A_00005_100,SPP-BG_A_BETA_thermo5030SHARP,SPO_F-BG0050A_00005_100_100,PM10,http://dd.eionet.europa.eu/vocabulary/aq/pollutant/5,day,15.8,µg/m3,2014-06-02 00:00:00 +01:00,2014-06-03 00:00:00 +01:00,1,1
BG,BG.BG-ExEA.AQ,NET-BG001A,STA-BG0050A,BG0050A,SPO-BG0050A_00005_100,SPP-BG_A_BETA_thermo5030SHARP,SPO_F-BG0050A_00005_100_100,PM10,http://dd.eionet.europa.eu/vocabulary/aq/pollutant/5,day,28.37,µg/m3,2014-06-04 00:00:00 +01:00,2014-06-05 00:00:00 +01:00,1,1
BG,BG.BG-ExEA.AQ,NET-BG001A,STA-BG0050A,BG0050A,SPO-BG0050A_00005_100,SPP-BG_A_BETA_thermo5030SHARP,SPO_F-BG0050A_00005_100_100,PM10,http://dd.eionet.europa.eu/vocabulary/aq/pollutant/5,day,21.9,µg/m3,2014-06-05 00:00:00 +01:00,2014-06-06 00:00:00 +01:00,1,1
BG,BG.BG-ExEA.AQ,NET-BG001A,STA-BG0050A,BG0050A,SPO-BG0050A_00005_100,SPP-BG_A_BETA_thermo5030SHARP,SPO_F-BG0050A_00005_100_100,PM10,http://dd.eionet.europa.eu/vocabulary/aq/pollutant/5,day,26.24,µg/m3,2014-06-13 00:00:00 +01:00,2014-06-14 00:00:00 +01:00,1,1
BG,BG.BG-ExEA.AQ,NET-BG001A,STA-BG0050A,BG0050A,SPO-BG0050A_00005_100,SPP-BG_A_BETA_thermo5030SHARP,SPO_F-BG0050A_00005_100_100,PM10,http://dd.eionet.europa.eu/vocabulary/aq/pollutant/5,day,51.34,µg/m3,2014-01-20 00:00:00 +01:00,2014-01-21 00:00:00 +01:00,1,1
BG,BG.BG-ExEA.AQ,NET-BG001A,STA-BG0050A,BG0050A,SPO-BG0050A_00005_100,SPP-BG_A_BETA_thermo5030SHARP,SPO_F-BG0050A_00005_100_100,PM10,http://dd.eionet.europa.eu/vocabulary/aq/pollutant/5,day,94.71,µg/m3,2014-01-15 00:00:00 +01:00,2014-01-16 00:00:00 +01:00,1,1
BG,BG.BG-ExEA.AQ,NET-BG001A,STA-BG0050A,BG0050A,SPO-BG0050A_00005_100,SPP-BG_A_BETA_thermo5030SHARP,SPO_F-BG0050A_00005_100_100,PM10,http://dd.eionet.europa.eu/vocabulary/aq/pollutant/5,day,17.3,µg/m3,2014-06-18 00:00:00 +01:00,2014-06-19 00:00:00 +01:00,1,1
BG,BG.BG-ExEA.AQ,NET-BG001A,STA-BG0050A,BG0050A,SPO-BG0050A_00005_100,SPP-BG_A_BETA_thermo5030SHARP,SPO_F-BG0050A_00005_100_100,PM10,http://dd.eionet.europa.eu/vocabulary/aq/pollutant/5,day,10.54,µg/m3,2014-06-21 00:00:00 +01:00,2014-06-22 00:00:00 +01:00,1,1
BG,BG.BG-ExEA.AQ,NET-BG001A,STA-BG0050A,BG0050A,SPO-BG0050A_00005_100,SPP-BG_A_BETA_thermo5030SHARP,SPO_F-BG0050A_00005_100_100,PM10,http://dd.eionet.europa.eu/vocabulary/aq/pollutant/5,day,11.01,µg/m3,2014-06-20 00:00:00 +01:00,2014-06-21 00:00:00 +01:00,1,1
BG,BG.BG-ExEA.AQ,NET-BG001A,STA-BG0050A,BG0050A,SPO-BG0050A_00005_100,SPP-BG_A_BETA_thermo5030SHARP,SPO_F-BG0050A_00005_100_100,PM10,http://dd.eionet.europa.eu/vocabulary/aq/pollutant/5,day,165.51,µg/m3,2014-01-12 00:00:00 +01:00,2014-01-13 00:00:00 +01:00,1,1
BG,BG.BG-ExEA.AQ,NET-BG001A,STA-BG0050A,BG0050A,SPO-BG0050A_00005_100,SPP-BG_A_BETA_thermo5030SHARP,SPO_F-BG0050A_00005_100_100,PM10,http://dd.eionet.europa.eu/vocabulary/aq/pollutant/5,day,152.68,µg/m3,2014-01-09 00:00:00 +01:00,2014-01-10 00:00:00 +01:00,1,1
BG,BG.BG-ExEA.AQ,NET-BG001A,STA-BG0050A,BG0050A,SPO-BG0050A_00005_100,SPP-BG_A_BETA_thermo5030SHARP,SPO_F-BG0050A_00005_100_100,PM10,http://dd.eionet.europa.eu/vocabulary/aq/pollutant/5,day,312.19,µg/m3,2014-01-06 00:00:00 +01:00,2014-01-07 00:00:00 +01:00,1,1
BG,BG.BG-ExEA.AQ,NET-BG001A,STA-BG0050A,BG0050A,SPO-BG0050A_00005_100,SPP-BG_A_BETA_thermo5030SHARP,SPO_F-BG0050A_00005_100_100,PM10,http://dd.eionet.europa.eu/vocabulary/aq/pollutant/5,day,195.06,µg/m3,2014-01-08 00:00:00 +01:00,2014-01-09 00:00:00 +01:00,1,1
BG,BG.BG-ExEA.AQ,NET-BG001A,STA-BG0050A,BG0050A,SPO-BG0050A_00005_100,SPP-BG_A_BETA_thermo5030SHARP,SPO_F-BG0050A_00005_100_100,PM10,http://dd.eionet.europa.eu/vocabulary/aq/pollutant/5,day,22.67,µg/m3,2014-06-30 00:00:00 +01:00,2014-07-01 00:00:00 +01:00,1,1
BG,BG.BG-ExEA.AQ,NET-BG001A,STA-BG0050A,BG0050A,SPO-BG0050A_00005_100,SPP-BG_A_BETA_thermo5030SHARP,SPO_F-BG0050A_00005_100_100,PM10,http://dd.eionet.europa.eu/vocabulary/aq/pollutant/5,day,15.77,µg/m3,2014-07-04 00:00:00 +01:00,2014-07-05 00:00:00 +01:00,1,1
BG,BG.BG-ExEA.AQ,NET-BG001A,STA-BG0050A,BG0050A,SPO-BG0050A_00005_100,SPP-BG_A_BETA_thermo5030SHARP,SPO_F-BG0050A_00005_100_100,PM10,http://dd.eionet.europa.eu/vocabulary/aq/pollutant/5,day,27.65,µg/m3,2014-07-03 00:00:00 +01:00,2014-07-04 00:00:00 +01:00,1,1
BG,BG.BG-ExEA.AQ,NET-BG001A,STA-BG0050A,BG0050A,SPO-BG0050A_00005_100,SPP-BG_A_BETA_thermo5030SHARP,SPO_F-BG0050A_00005_100_100,PM10,http://dd.eionet.europa.eu/vocabulary/aq/pollutant/5,day,15.62,µg/m3,2014-07-05 00:00:00 +01:00,2014-07-06 00:00:00 +01:00,1,1
BG,BG.BG-ExEA.AQ,NET-BG001A,STA-BG0050A,BG0050A,SPO-BG0050A_00005_100,SPP-BG_A_BETA_thermo5030SHARP,SPO_F-BG0050A_00005_100_100,PM10,http://dd.eionet.europa.eu/vocabulary/aq/pollutant/5,day,27.26,µg/m3,2014-07-10 00:00:00 +01:00,2014-07-11 00:00:00 +01:00,1,1
BG,BG.BG-ExEA.AQ,NET-BG001A,STA-BG0050A,BG0050A,SPO-BG0050A_00005_100,SPP-BG_A_BETA_thermo5030SHARP,SPO_F-BG0050A_00005_100_100,PM10,http://dd.eionet.europa.eu/vocabulary/aq/pollutant/5,day,14.49,µg/m3,2014-07-12 00:00:00 +01:00,2014-07-13 00:00:00 +01:00,1,1
BG,BG.BG-ExEA.AQ,NET-BG001A,STA-BG0050A,BG0050A,SPO-BG0050A_00005_100,SPP-BG_A_BETA_thermo5030SHARP,SPO_F-BG0050A_00005_100_100,PM10,http://dd.eionet.europa.eu/vocabulary/aq/pollutant/5,day,18.09,µg/m3,2014-07-13 00:00:00 +01:00,2014-07-14 00:00:00 +01:00,1,1
BG,BG.BG-ExEA.AQ,NET-BG001A,STA-BG0050A,BG0050A,SPO-BG0050A_00005_100,SPP-BG_A_BETA_thermo5030SHARP,SPO_F-BG0050A_00005_100_100,PM10,http://dd.eionet.europa.eu/vocabulary/aq/pollutant/5,day,16.44,µg/m3,2014-07-11 00:00:00 +01:00,2014-07-12 00:00:00 +01:00,1,1
BG,BG.BG-ExEA.AQ,NET-BG001A,STA-BG0050A,BG0050A,SPO-BG0050A_00005_100,SPP-BG_A_BETA_thermo5030SHARP,SPO_F-BG0050A_00005_100_100,PM10,http://dd.eionet.europa.eu/vocabulary/aq/pollutant/5,day,26.1,µg/m3,2014-07-19 00:00:00 +01:00,2014-07-20 00:00:00 +01:00,1,1
BG,BG.BG-ExEA.AQ,NET-BG001A,STA-BG0050A,BG0050A,SPO-BG0050A_00005_100,SPP-BG_A_BETA_thermo5030SHARP,SPO_F-BG0050A_00005_100_100,PM10,http://dd.eionet.europa.eu/vocabulary/aq/pollutant/5,day,31.29,µg/m3,2014-07-21 00:00:00 +01:00,2014-07-22 00:00:00 +01:00,1,1
BG,BG.BG-ExEA.AQ,NET-BG001A,STA-BG0050A,BG0050A,SPO-BG0050A_00005_100,SPP-BG_A_BETA_thermo5030SHARP,SPO_F-BG0050A_00005_100_100,PM10,http://dd.eionet.europa.eu/vocabulary/aq/pollutant/5,day,26.88,µg/m3,2014-07-27 00:00:00 +01:00,2014-07-28 00:00:00 +01:00,1,1
BG,BG.BG-ExEA.AQ,NET-BG001A,STA-BG0050A,BG0050A,SPO-BG0050A_00005_100,SPP-BG_A_BETA_thermo5030SHARP,SPO_F-BG0050A_00005_100_100,PM10,http://dd.eionet.europa.eu/vocabulary/aq/pollutant/5,day,35.73,µg/m3,2014-08-04 00:00:00 +01:00,2014-08-05 00:00:00 +01:00,1,1
BG,BG.BG-ExEA.AQ,NET-BG001A,STA-BG0050A,BG0050A,SPO-BG0050A_00005_100,SPP-BG_A_BETA_thermo5030SHARP,SPO_F-BG0050A_00005_100_100,PM10,http://dd.eionet.europa.eu/vocabulary/aq/pollutant/5,day,30.83,µg/m3,2014-07-30 00:00:00 +01:00,2014-07-31 00:00:00 +01:00,1,1
BG,BG.BG-ExEA.AQ,NET-BG001A,STA-BG0050A,BG0050A,SPO-BG0050A_00005_100,SPP-BG_A_BETA_thermo5030SHARP,SPO_F-BG0050A_00005_100_100,PM10,http://dd.eionet.europa.eu/vocabulary/aq/pollutant/5,day,19.68,µg/m3,2014-08-01 00:00:00 +01:00,2014-08-02 00:00:00 +01:00,1,1
BG,BG.BG-ExEA.AQ,NET-BG001A,STA-BG0050A,BG0050A,SPO-BG0050A_00005_100,SPP-BG_A_BETA_thermo5030SHARP,SPO_F-BG0050A_00005_100_100,PM10,http://dd.eionet.europa.eu/vocabulary/aq/pollutant/5,day,31.08,µg/m3,2014-08-08 00:00:00 +01:00,2014-08-09 00:00:00 +01:00,1,1
BG,BG.BG-ExEA.AQ,NET-BG001A,STA-BG0050A,BG0050A,SPO-BG0050A_00005_100,SPP-BG_A_BETA_thermo5030SHARP,SPO_F-BG0050A_00005_100_100,PM10,http://dd.eionet.europa.eu/vocabulary/aq/pollutant/5,day,42.47,µg/m3,2014-08-05 00:00:00 +01:00,2014-08-06 00:00:00 +01:00,1,1
BG,BG.BG-ExEA.AQ,NET-BG001A,STA-BG0050A,BG0050A,SPO-BG0050A_00005_100,SPP-BG_A_BETA_thermo5030SHARP,SPO_F-BG0050A_00005_100_100,PM10,http://dd.eionet.europa.eu/vocabulary/aq/pollutant/5,day,39.7,µg/m3,2014-08-15 00:00:00 +01:00,2014-08-16 00:00:00 +01:00,1,1
BG,BG.BG-ExEA.AQ,NET-BG001A,STA-BG0050A,BG0050A,SPO-BG0050A_00005_100,SPP-BG_A_BETA_thermo5030SHARP,SPO_F-BG0050A_00005_100_100,PM10,http://dd.eionet.europa.eu/vocabulary/aq/pollutant/5,day,36.36,µg/m3,2014-08-12 00:00:00 +01:00,2014-08-13 00:00:00 +01:00,1,1
BG,BG.BG-ExEA.AQ,NET-BG001A,STA-BG0050A,BG0050A,SPO-BG0050A_00005_100,SPP-BG_A_BETA_thermo5030SHARP,SPO_F-BG0050A_00005_100_100,PM10,http://dd.eionet.europa.eu/vocabulary/aq/pollutant/5,day,16.28,µg/m3,2014-08-18 00:00:00 +01:00,2014-08-19 00:00:00 +01:00,1,1
BG,BG.BG-ExEA.AQ,NET-BG001A,STA-BG0050A,BG0050A,SPO-BG0050A_00005_100,SPP-BG_A_BETA_thermo5030SHARP,SPO_F-BG0050A_00005_100_100,PM10,http://dd.eionet.europa.eu/vocabulary/aq/pollutant/5,day,23.81,µg/m3,2014-08-17 00:00:00 +01:00,2014-08-18 00:00:00 +01:00,1,1
BG,BG.BG-ExEA.AQ,NET-BG001A,STA-BG0050A,BG0050A,SPO-BG0050A_00005_100,SPP-BG_A_BETA_thermo5030SHARP,SPO_F-BG0050A_00005_100_100,PM10,http://dd.eionet.europa.eu/vocabulary/aq/pollutant/5,day,19.61,µg/m3,2014-08-30 00:00:00 +01:00,2014-08-31 00:00:00 +01:00,1,1
BG,BG.BG-ExEA.AQ,NET-BG001A,STA-BG0050A,BG0050A,SPO-BG0050A_00005_100,SPP-BG_A_BETA_thermo5030SHARP,SPO_F-BG0050A_00005_100_100,PM10,http://dd.eionet.europa.eu/vocabulary/aq/pollutant/5,day,17.75,µg/m3,2014-08-28 00:00:00 +01:00,2014-08-29 00:00:00 +01:00,1,1
BG,BG.BG-ExEA.AQ,NET-BG001A,STA-BG0050A,BG0050A,SPO-BG0050A_00005_100,SPP-BG_A_BETA_thermo5030SHARP,SPO_F-BG0050A_00005_100_100,PM10,http://dd.eionet.europa.eu/vocabulary/aq/pollutant/5,day,15.64,µg/m3,2014-08-25 00:00:00 +01:00,2014-08-26 00:00:00 +01:00,1,1
BG,BG.BG-ExEA.AQ,NET-BG001A,STA-BG0050A,BG0050A,SPO-BG0050A_00005_100,SPP-BG_A_BETA_thermo5030SHARP,SPO_F-BG0050A_00005_100_100,PM10,http://dd.eionet.europa.eu/vocabulary/aq/pollutant/5,day,32.45,µg/m3,2014-08-26 00:00:00 +01:00,2014-08-27 00:00:00 +01:00,1,1
BG,BG.BG-ExEA.AQ,NET-BG001A,STA-BG0050A,BG0050A,SPO-BG0050A_00005_100,SPP-BG_A_BETA_thermo5030SHARP,SPO_F-BG0050A_00005_100_100,PM10,http://dd.eionet.europa.eu/vocabulary/aq/pollutant/5,day,46.29,µg/m3,2014-08-23 00:00:00 +01:00,2014-08-24 00:00:00 +01:00,1,1
BG,BG.BG-ExEA.AQ,NET-BG001A,STA-BG0050A,BG0050A,SPO-BG0050A_00005_100,SPP-BG_A_BETA_thermo5030SHARP,SPO_F-BG0050A_00005_100_100,PM10,http://dd.eionet.europa.eu/vocabulary/aq/pollutant/5,day,28.9,µg/m3,2014-09-01 00:00:00 +01:00,2014-09-02 00:00:00 +01:00,1,1
BG,BG.BG-ExEA.AQ,NET-BG001A,STA-BG0050A,BG0050A,SPO-BG0050A_00005_100,SPP-BG_A_BETA_thermo5030SHARP,SPO_F-BG0050A_00005_100_100,PM10,http://dd.eionet.europa.eu/vocabulary/aq/pollutant/5,day,18.56,µg/m3,2014-09-04 00:00:00 +01:00,2014-09-05 00:00:00 +01:00,1,1
BG,BG.BG-ExEA.AQ,NET-BG001A,STA-BG0050A,BG0050A,SPO-BG0050A_00005_100,SPP-BG_A_BETA_thermo5030SHARP,SPO_F-BG0050A_00005_100_100,PM10,http://dd.eionet.europa.eu/vocabulary/aq/pollutant/5,day,22.02,µg/m3,2014-09-03 00:00:00 +01:00,2014-09-04 00:00:00 +01:00,1,1
BG,BG.BG-ExEA.AQ,NET-BG001A,STA-BG0050A,BG0050A,SPO-BG0050A_00005_100,SPP-BG_A_BETA_thermo5030SHARP,SPO_F-BG0050A_00005_100_100,PM10,http://dd.eionet.europa.eu/vocabulary/aq/pollutant/5,day,41.35,µg/m3,2014-09-12 00:00:00 +01:00,2014-09-13 00:00:00 +01:00,1,1
BG,BG.BG-ExEA.AQ,NET-BG001A,STA-BG0050A,BG0050A,SPO-BG0050A_00005_100,SPP-BG_A_BETA_thermo5030SHARP,SPO_F-BG0050A_00005_100_100,PM10,http://dd.eionet.europa.eu/vocabulary/aq/pollutant/5,day,45.32,µg/m3,2014-09-10 00:00:00 +01:00,2014-09-11 00:00:00 +01:00,1,1
BG,BG.BG-ExEA.AQ,NET-BG001A,STA-BG0050A,BG0050A,SPO-BG0050A_00005_100,SPP-BG_A_BETA_thermo5030SHARP,SPO_F-BG0050A_00005_100_100,PM10,http://dd.eionet.europa.eu/vocabulary/aq/pollutant/5,day,46.32,µg/m3,2014-09-18 00:00:00 +01:00,2014-09-19 00:00:00 +01:00,1,1
BG,BG.BG-ExEA.AQ,NET-BG001A,STA-BG0050A,BG0050A,SPO-BG0050A_00005_100,SPP-BG_A_BETA_thermo5030SHARP,SPO_F-BG0050A_00005_100_100,PM10,http://dd.eionet.europa.eu/vocabulary/aq/pollutant/5,day,38.79,µg/m3,2014-09-19 00:00:00 +01:00,2014-09-20 00:00:00 +01:00,1,1
BG,BG.BG-ExEA.AQ,NET-BG001A,STA-BG0050A,BG0050A,SPO-BG0050A_00005_100,SPP-BG_A_BETA_thermo5030SHARP,SPO_F-BG0050A_00005_100_100,PM10,http://dd.eionet.europa.eu/vocabulary/aq/pollutant/5,day,24.09,µg/m3,2014-09-21 00:00:00 +01:00,2014-09-22 00:00:00 +01:00,1,1
BG,BG.BG-ExEA.AQ,NET-BG001A,STA-BG0050A,BG0050A,SPO-BG0050A_00005_100,SPP-BG_A_BETA_thermo5030SHARP,SPO_F-BG0050A_00005_100_100,PM10,http://dd.eionet.europa.eu/vocabulary/aq/pollutant/5,day,35.98,µg/m3,2014-09-29 00:00:00 +01:00,2014-09-30 00:00:00 +01:00,1,1
BG,BG.BG-ExEA.AQ,NET-BG001A,STA-BG0050A,BG0050A,SPO-BG0050A_00005_100,SPP-BG_A_BETA_thermo5030SHARP,SPO_F-BG0050A_00005_100_100,PM10,http://dd.eionet.europa.eu/vocabulary/aq/pollutant/5,day,18.49,µg/m3,2014-09-27 00:00:00 +01:00,2014-09-28 00:00:00 +01:00,1,1
BG,BG.BG-ExEA.AQ,NET-BG001A,STA-BG0050A,BG0050A,SPO-BG0050A_00005_100,SPP-BG_A_BETA_thermo5030SHARP,SPO_F-BG0050A_00005_100_100,PM10,http://dd.eionet.europa.eu/vocabulary/aq/pollutant/5,day,42.94,µg/m3,2014-10-16 00:00:00 +01:00,2014-10-17 00:00:00 +01:00,1,1
BG,BG.BG-ExEA.AQ,NET-BG001A,STA-BG0050A,BG0050A,SPO-BG0050A_00005_100,SPP-BG_A_BETA_thermo5030SHARP,SPO_F-BG0050A_00005_100_100,PM10,http://dd.eionet.europa.eu/vocabulary/aq/pollutant/5,day,57.53,µg/m3,2014-10-13 00:00:00 +01:00,2014-10-14 00:00:00 +01:00,1,1
BG,BG.BG-ExEA.AQ,NET-BG001A,STA-BG0050A,BG0050A,SPO-BG0050A_00005_100,SPP-BG_A_BETA_thermo5030SHARP,SPO_F-BG0050A_00005_100_100,PM10,http://dd.eionet.europa.eu/vocabulary/aq/pollutant/5,day,43.36,µg/m3,2014-10-10 00:00:00 +01:00,2014-10-11 00:00:00 +01:00,1,1
BG,BG.BG-ExEA.AQ,NET-BG001A,STA-BG0050A,BG0050A,SPO-BG0050A_00005_100,SPP-BG_A_BETA_thermo5030SHARP,SPO_F-BG0050A_00005_100_100,PM10,http://dd.eionet.europa.eu/vocabulary/aq/pollutant/5,day,26.89,µg/m3,2014-10-04 00:00:00 +01:00,2014-10-05 00:00:00 +01:00,1,1
BG,BG.BG-ExEA.AQ,NET-BG001A,STA-BG0050A,BG0050A,SPO-BG0050A_00005_100,SPP-BG_A_BETA_thermo5030SHARP,SPO_F-BG0050A_00005_100_100,PM10,http://dd.eionet.europa.eu/vocabulary/aq/pollutant/5,day,31.55,µg/m3,2014-10-03 00:00:00 +01:00,2014-10-04 00:00:00 +01:00,1,1
BG,BG.BG-ExEA.AQ,NET-BG001A,STA-BG0050A,BG0050A,SPO-BG0050A_00005_100,SPP-BG_A_BETA_thermo5030SHARP,SPO_F-BG0050A_00005_100_100,PM10,http://dd.eionet.europa.eu/vocabulary/aq/pollutant/5,day,6.8,µg/m3,2014-10-25 00:00:00 +01:00,2014-10-26 00:00:00 +01:00,1,1
BG,BG.BG-ExEA.AQ,NET-BG001A,STA-BG0050A,BG0050A,SPO-BG0050A_00005_100,SPP-BG_A_BETA_thermo5030SHARP,SPO_F-BG0050A_00005_100_100,PM10,http://dd.eionet.europa.eu/vocabulary/aq/pollutant/5,day,12.73,µg/m3,2014-10-24 00:00:00 +01:00,2014-10-25 00:00:00 +01:00,1,1
BG,BG.BG-ExEA.AQ,NET-BG001A,STA-BG0050A,BG0050A,SPO-BG0050A_00005_100,SPP-BG_A_BETA_thermo5030SHARP,SPO_F-BG0050A_00005_100_100,PM10,http://dd.eionet.europa.eu/vocabulary/aq/pollutant/5,day,11.74,µg/m3,2014-10-23 00:00:00 +01:00,2014-10-24 00:00:00 +01:00,1,1
BG,BG.BG-ExEA.AQ,NET-BG001A,STA-BG0050A,BG0050A,SPO-BG0050A_00005_100,SPP-BG_A_BETA_thermo5030SHARP,SPO_F-BG0050A_00005_100_100,PM10,http://dd.eionet.europa.eu/vocabulary/aq/pollutant/5,day,25.87,µg/m3,2014-10-19 00:00:00 +01:00,2014-10-20 00:00:00 +01:00,1,1
BG,BG.BG-ExEA.AQ,NET-BG001A,STA-BG0050A,BG0050A,SPO-BG0050A_00005_100,SPP-BG_A_BETA_thermo5030SHARP,SPO_F-BG0050A_00005_100_100,PM10,http://dd.eionet.europa.eu/vocabulary/aq/pollutant/5,day,47.23,µg/m3,2014-10-22 00:00:00 +01:00,2014-10-23 00:00:00 +01:00,1,1
BG,BG.BG-ExEA.AQ,NET-BG001A,STA-BG0050A,BG0050A,SPO-BG0050A_00005_100,SPP-BG_A_BETA_thermo5030SHARP,SPO_F-BG0050A_00005_100_100,PM10,http://dd.eionet.europa.eu/vocabulary/aq/pollutant/5,day,37.74,µg/m3,2014-10-20 00:00:00 +01:00,2014-10-21 00:00:00 +01:00,1,1
BG,BG.BG-ExEA.AQ,NET-BG001A,STA-BG0050A,BG0050A,SPO-BG0050A_00005_100,SPP-BG_A_BETA_thermo5030SHARP,SPO_F-BG0050A_00005_100_100,PM10,http://dd.eionet.europa.eu/vocabulary/aq/pollutant/5,day,41.01,µg/m3,2014-10-21 00:00:00 +01:00,2014-10-22 00:00:00 +01:00,1,1
BG,BG.BG-ExEA.AQ,NET-BG001A,STA-BG0050A,BG0050A,SPO-BG0050A_00005_100,SPP-BG_A_BETA_thermo5030SHARP,SPO_F-BG0050A_00005_100_100,PM10,http://dd.eionet.europa.eu/vocabulary/aq/pollutant/5,day,111.31,µg/m3,2014-11-04 00:00:00 +01:00,2014-11-05 00:00:00 +01:00,1,1
BG,BG.BG-ExEA.AQ,NET-BG001A,STA-BG0050A,BG0050A,SPO-BG0050A_00005_100,SPP-BG_A_BETA_thermo5030SHARP,SPO_F-BG0050A_00005_100_100,PM10,http://dd.eionet.europa.eu/vocabulary/aq/pollutant/5,day,111.2,µg/m3,2014-11-10 00:00:00 +01:00,2014-11-11 00:00:00 +01:00,1,1
BG,BG.BG-ExEA.AQ,NET-BG001A,STA-BG0050A,BG0050A,SPO-BG0050A_00005_100,SPP-BG_A_BETA_thermo5030SHARP,SPO_F-BG0050A_00005_100_100,PM10,http://dd.eionet.europa.eu/vocabulary/aq/pollutant/5,day,71.28,µg/m3,2014-11-09 00:00:00 +01:00,2014-11-10 00:00:00 +01:00,1,1
BG,BG.BG-ExEA.AQ,NET-BG001A,STA-BG0050A,BG0050A,SPO-BG0050A_00005_100,SPP-BG_A_BETA_thermo5030SHARP,SPO_F-BG0050A_00005_100_100,PM10,http://dd.eionet.europa.eu/vocabulary/aq/pollutant/5,day,17.97,µg/m3,2014-11-15 00:00:00 +01:00,2014-11-16 00:00:00 +01:00,1,1
BG,BG.BG-ExEA.AQ,NET-BG001A,STA-BG0050A,BG0050A,SPO-BG0050A_00005_100,SPP-BG_A_BETA_thermo5030SHARP,SPO_F-BG0050A_00005_100_100,PM10,http://dd.eionet.europa.eu/vocabulary/aq/pollutant/5,day,51.72,µg/m3,2014-11-18 00:00:00 +01:00,2014-11-19 00:00:00 +01:00,1,1
BG,BG.BG-ExEA.AQ,NET-BG001A,STA-BG0050A,BG0050A,SPO-BG0050A_00005_100,SPP-BG_A_BETA_thermo5030SHARP,SPO_F-BG0050A_00005_100_100,PM10,http://dd.eionet.europa.eu/vocabulary/aq/pollutant/5,day,29.39,µg/m3,2014-11-17 00:00:00 +01:00,2014-11-18 00:00:00 +01:00,1,1
BG,BG.BG-ExEA.AQ,NET-BG001A,STA-BG0050A,BG0050A,SPO-BG0050A_00005_100,SPP-BG_A_BETA_thermo5030SHARP,SPO_F-BG0050A_00005_100_100,PM10,http://dd.eionet.europa.eu/vocabulary/aq/pollutant/5,day,20.32,µg/m3,2014-11-16 00:00:00 +01:00,2014-11-17 00:00:00 +01:00,1,1
BG,BG.BG-ExEA.AQ,NET-BG001A,STA-BG0050A,BG0050A,SPO-BG0050A_00005_100,SPP-BG_A_BETA_thermo5030SHARP,SPO_F-BG0050A_00005_100_100,PM10,http://dd.eionet.europa.eu/vocabulary/aq/pollutant/5,day,11.79,µg/m3,2014-11-20 00:00:00 +01:00,2014-11-21 00:00:00 +01:00,1,1
BG,BG.BG-ExEA.AQ,NET-BG001A,STA-BG0050A,BG0050A,SPO-BG0050A_00005_100,SPP-BG_A_BETA_thermo5030SHARP,SPO_F-BG0050A_00005_100_100,PM10,http://dd.eionet.europa.eu/vocabulary/aq/pollutant/5,day,16.17,µg/m3,2014-11-21 00:00:00 +01:00,2014-11-22 00:00:00 +01:00,1,1
BG,BG.BG-ExEA.AQ,NET-BG001A,STA-BG0050A,BG0050A,SPO-BG0050A_00005_100,SPP-BG_A_BETA_thermo5030SHARP,SPO_F-BG0050A_00005_100_100,PM10,http://dd.eionet.europa.eu/vocabulary/aq/pollutant/5,day,21.69,µg/m3,2014-11-23 00:00:00 +01:00,2014-11-24 00:00:00 +01:00,1,1
BG,BG.BG-ExEA.AQ,NET-BG001A,STA-BG0050A,BG0050A,SPO-BG0050A_00005_100,SPP-BG_A_BETA_thermo5030SHARP,SPO_F-BG0050A_00005_100_100,PM10,http://dd.eionet.europa.eu/vocabulary/aq/pollutant/5,day,24.77,µg/m3,2014-11-24 00:00:00 +01:00,2014-11-25 00:00:00 +01:00,1,1
BG,BG.BG-ExEA.AQ,NET-BG001A,STA-BG0050A,BG0050A,SPO-BG0050A_00005_100,SPP-BG_A_BETA_thermo5030SHARP,SPO_F-BG0050A_00005_100_100,PM10,http://dd.eionet.europa.eu/vocabulary/aq/pollutant/5,day,116.92,µg/m3,2014-12-13 00:00:00 +01:00,2014-12-14 00:00:00 +01:00,1,1
BG,BG.BG-ExEA.AQ,NET-BG001A,STA-BG0050A,BG0050A,SPO-BG0050A_00005_100,SPP-BG_A_BETA_thermo5030SHARP,SPO_F-BG0050A_00005_100_100,PM10,http://dd.eionet.europa.eu/vocabulary/aq/pollutant/5,day,38.12,µg/m3,2014-12-07 00:00:00 +01:00,2014-12-08 00:00:00 +01:00,1,1
BG,BG.BG-ExEA.AQ,NET-BG001A,STA-BG0050A,BG0050A,SPO-BG0050A_00005_100,SPP-BG_A_BETA_thermo5030SHARP,SPO_F-BG0050A_00005_100_100,PM10,http://dd.eionet.europa.eu/vocabulary/aq/pollutant/5,day,23.09,µg/m3,2014-12-09 00:00:00 +01:00,2014-12-10 00:00:00 +01:00,1,1
BG,BG.BG-ExEA.AQ,NET-BG001A,STA-BG0050A,BG0050A,SPO-BG0050A_00005_100,SPP-BG_A_BETA_thermo5030SHARP,SPO_F-BG0050A_00005_100_100,PM10,http://dd.eionet.europa.eu/vocabulary/aq/pollutant/5,day,8.9,µg/m3,2014-12-02 00:00:00 +01:00,2014-12-03 00:00:00 +01:00,1,1
BG,BG.BG-ExEA.AQ,NET-BG001A,STA-BG0050A,BG0050A,SPO-BG0050A_00005_100,SPP-BG_A_BETA_thermo5030SHARP,SPO_F-BG0050A_00005_100_100,PM10,http://dd.eionet.europa.eu/vocabulary/aq/pollutant/5,day,13.96,µg/m3,2014-12-03 00:00:00 +01:00,2014-12-04 00:00:00 +01:00,1,1
BG,BG.BG-ExEA.AQ,NET-BG001A,STA-BG0050A,BG0050A,SPO-BG0050A_00005_100,SPP-BG_A_BETA_thermo5030SHARP,SPO_F-BG0050A_00005_100_100,PM10,http://dd.eionet.europa.eu/vocabulary/aq/pollutant/5,day,72.98,µg/m3,2014-11-30 00:00:00 +01:00,2014-12-01 00:00:00 +01:00,1,1
BG,BG.BG-ExEA.AQ,NET-BG001A,STA-BG0050A,BG0050A,SPO-BG0050A_00005_100,SPP-BG_A_BETA_thermo5030SHARP,SPO_F-BG0050A_00005_100_100,PM10,http://dd.eionet.europa.eu/vocabulary/aq/pollutant/5,day,75.92,µg/m3,2014-12-20 00:00:00 +01:00,2014-12-21 00:00:00 +01:00,1,1
BG,BG.BG-ExEA.AQ,NET-BG001A,STA-BG0050A,BG0050A,SPO-BG0050A_00005_100,SPP-BG_A_BETA_thermo5030SHARP,SPO_F-BG0050A_00005_100_100,PM10,http://dd.eionet.europa.eu/vocabulary/aq/pollutant/5,day,25.13,µg/m3,2014-12-22 00:00:00 +01:00,2014-12-23 00:00:00 +01:00,1,1
BG,BG.BG-ExEA.AQ,NET-BG001A,STA-BG0050A,BG0050A,SPO-BG0050A_00005_100,SPP-BG_A_BETA_thermo5030SHARP,SPO_F-BG0050A_00005_100_100,PM10,http://dd.eionet.europa.eu/vocabulary/aq/pollutant/5,day,34.2,µg/m3,2014-12-21 00:00:00 +01:00,2014-12-22 00:00:00 +01:00,1,1
BG,BG.BG-ExEA.AQ,NET-BG001A,STA-BG0050A,BG0050A,SPO-BG0050A_00005_100,SPP-BG_A_BETA_thermo5030SHARP,SPO_F-BG0050A_00005_100_100,PM10,http://dd.eionet.europa.eu/vocabulary/aq/pollutant/5,day,62.74,µg/m3,2014-12-23 00:00:00 +01:00,2014-12-24 00:00:00 +01:00,1,1
BG,BG.BG-ExEA.AQ,NET-BG001A,STA-BG0050A,BG0050A,SPO-BG0050A_00005_100,SPP-BG_A_BETA_thermo5030SHARP,SPO_F-BG0050A_00005_100_100,PM10,http://dd.eionet.europa.eu/vocabulary/aq/pollutant/5,day,139.43,µg/m3,2014-12-24 00:00:00 +01:00,2014-12-25 00:00:00 +01:00,1,1
BG,BG.BG-ExEA.AQ,NET-BG001A,STA-BG0050A,BG0050A,SPO-BG0050A_00005_100,SPP-BG_A_BETA_thermo5030SHARP,SPO_F-BG0050A_00005_100_100,PM10,http://dd.eionet.europa.eu/vocabulary/aq/pollutant/5,day,46.93,µg/m3,2014-12-26 00:00:00 +01:00,2014-12-27 00:00:00 +01:00,1,1
BG,BG.BG-ExEA.AQ,NET-BG001A,STA-BG0050A,BG0050A,SPO-BG0050A_00005_100,SPP-BG_A_BETA_thermo5030SHARP,SPO_F-BG0050A_00005_100_100,PM10,http://dd.eionet.europa.eu/vocabulary/aq/pollutant/5,day,127.92,µg/m3,2014-12-25 00:00:00 +01:00,2014-12-26 00:00:00 +01:00,1,1
BG,BG.BG-ExEA.AQ,NET-BG001A,STA-BG0050A,BG0050A,SPO-BG0050A_00005_100,SPP-BG_A_BETA_thermo5030SHARP,SPO_F-BG0050A_00005_100_100,PM10,http://dd.eionet.europa.eu/vocabulary/aq/pollutant/5,day,25.79,µg/m3,2014-12-31 00:00:00 +01:00,2015-01-01 00:00:00 +01:00,1,1
BG,BG.BG-ExEA.AQ,NET-BG001A,STA-BG0050A,BG0050A,SPO-BG0050A_00005_100,SPP-BG_A_BETA_thermo5030SHARP,SPO_F-BG0050A_00005_100_100,PM10,http://dd.eionet.europa.eu/vocabulary/aq/pollutant/5,day,43.94,µg/m3,2014-02-12 00:00:00 +01:00,2014-02-13 00:00:00 +01:00,1,1
BG,BG.BG-ExEA.AQ,NET-BG001A,STA-BG0050A,BG0050A,SPO-BG0050A_00005_100,SPP-BG_A_BETA_thermo5030SHARP,SPO_F-BG0050A_00005_100_100,PM10,http://dd.eionet.europa.eu/vocabulary/aq/pollutant/5,day,39.32,µg/m3,2014-02-11 00:00:00 +01:00,2014-02-12 00:00:00 +01:00,1,1
BG,BG.BG-ExEA.AQ,NET-BG001A,STA-BG0050A,BG0050A,SPO-BG0050A_00005_100,SPP-BG_A_BETA_thermo5030SHARP,SPO_F-BG0050A_00005_100_100,PM10,http://dd.eionet.europa.eu/vocabulary/aq/pollutant/5,day,101.83,µg/m3,2014-02-16 00:00:00 +01:00,2014-02-17 00:00:00 +01:00,1,1
BG,BG.BG-ExEA.AQ,NET-BG001A,STA-BG0050A,BG0050A,SPO-BG0050A_00005_100,SPP-BG_A_BETA_thermo5030SHARP,SPO_F-BG0050A_00005_100_100,PM10,http://dd.eionet.europa.eu/vocabulary/aq/pollutant/5,day,95.67,µg/m3,2014-02-14 00:00:00 +01:00,2014-02-15 00:00:00 +01:00,1,1
BG,BG.BG-ExEA.AQ,NET-BG001A,STA-BG0050A,BG0050A,SPO-BG0050A_00005_100,SPP-BG_A_BETA_thermo5030SHARP,SPO_F-BG0050A_00005_100_100,PM10,http://dd.eionet.europa.eu/vocabulary/aq/pollutant/5,day,81.92,µg/m3,2014-02-17 00:00:00 +01:00,2014-02-18 00:00:00 +01:00,1,1
BG,BG.BG-ExEA.AQ,NET-BG001A,STA-BG0050A,BG0050A,SPO-BG0050A_00005_100,SPP-BG_A_BETA_thermo5030SHARP,SPO_F-BG0050A_00005_100_100,PM10,http://dd.eionet.europa.eu/vocabulary/aq/pollutant/5,day,21.36,µg/m3,2014-02-01 00:00:00 +01:00,2014-02-02 00:00:00 +01:00,1,1
BG,BG.BG-ExEA.AQ,NET-BG001A,STA-BG0050A,BG0050A,SPO-BG0050A_00005_100,SPP-BG_A_BETA_thermo5030SHARP,SPO_F-BG0050A_00005_100_100,PM10,http://dd.eionet.europa.eu/vocabulary/aq/pollutant/5,day,28.58,µg/m3,2014-02-04 00:00:00 +01:00,2014-02-05 00:00:00 +01:00,1,1
BG,BG.BG-ExEA.AQ,NET-BG001A,STA-BG0050A,BG0050A,SPO-BG0050A_00005_100,SPP-BG_A_BETA_thermo5030SHARP,SPO_F-BG0050A_00005_100_100,PM10,http://dd.eionet.europa.eu/vocabulary/aq/pollutant/5,day,188.63,µg/m3,2014-02-07 00:00:00 +01:00,2014-02-08 00:00:00 +01:00,1,1
BG,BG.BG-ExEA.AQ,NET-BG001A,STA-BG0050A,BG0050A,SPO-BG0050A_00005_100,SPP-BG_A_BETA_thermo5030SHARP,SPO_F-BG0050A_00005_100_100,PM10,http://dd.eionet.europa.eu/vocabulary/aq/pollutant/5,day,35.39,µg/m3,2014-02-15 00:00:00 +01:00,2014-02-16 00:00:00 +01:00,1,1
BG,BG.BG-ExEA.AQ,NET-BG001A,STA-BG0050A,BG0050A,SPO-BG0050A_00005_100,SPP-BG_A_BETA_thermo5030SHARP,SPO_F-BG0050A_00005_100_100,PM10,http://dd.eionet.europa.eu/vocabulary/aq/pollutant/5,day,211.97,µg/m3,2014-01-19 00:00:00 +01:00,2014-01-20 00:00:00 +01:00,1,1
BG,BG.BG-ExEA.AQ,NET-BG001A,STA-BG0050A,BG0050A,SPO-BG0050A_00005_100,SPP-BG_A_BETA_thermo5030SHARP,SPO_F-BG0050A_00005_100_100,PM10,http://dd.eionet.europa.eu/vocabulary/aq/pollutant/5,day,13.12,µg/m3,2014-02-03 00:00:00 +01:00,2014-02-04 00:00:00 +01:00,1,1
BG,BG.BG-ExEA.AQ,NET-BG001A,STA-BG0050A,BG0050A,SPO-BG0050A_00005_100,SPP-BG_A_BETA_thermo5030SHARP,SPO_F-BG0050A_00005_100_100,PM10,http://dd.eionet.europa.eu/vocabulary/aq/pollutant/5,day,116.71,µg/m3,2014-01-30 00:00:00 +01:00,2014-01-31 00:00:00 +01:00,1,1
BG,BG.BG-ExEA.AQ,NET-BG001A,STA-BG0050A,BG0050A,SPO-BG0050A_00005_100,SPP-BG_A_BETA_thermo5030SHARP,SPO_F-BG0050A_00005_100_100,PM10,http://dd.eionet.europa.eu/vocabulary/aq/pollutant/5,day,29.88,µg/m3,2014-01-31 00:00:00 +01:00,2014-02-01 00:00:00 +01:00,1,1
BG,BG.BG-ExEA.AQ,NET-BG001A,STA-BG0050A,BG0050A,SPO-BG0050A_00005_100,SPP-BG_A_BETA_thermo5030SHARP,SPO_F-BG0050A_00005_100_100,PM10,http://dd.eionet.europa.eu/vocabulary/aq/pollutant/5,day,69.8,µg/m3,2014-02-21 00:00:00 +01:00,2014-02-22 00:00:00 +01:00,1,1
BG,BG.BG-ExEA.AQ,NET-BG001A,STA-BG0050A,BG0050A,SPO-BG0050A_00005_100,SPP-BG_A_BETA_thermo5030SHARP,SPO_F-BG0050A_00005_100_100,PM10,http://dd.eionet.europa.eu/vocabulary/aq/pollutant/5,day,69.33,µg/m3,2014-02-20 00:00:00 +01:00,2014-02-21 00:00:00 +01:00,1,1
BG,BG.BG-ExEA.AQ,NET-BG001A,STA-BG0050A,BG0050A,SPO-BG0050A_00005_100,SPP-BG_A_BETA_thermo5030SHARP,SPO_F-BG0050A_00005_100_100,PM10,http://dd.eionet.europa.eu/vocabulary/aq/pollutant/5,day,14.96,µg/m3,2014-02-24 00:00:00 +01:00,2014-02-25 00:00:00 +01:00,1,1
BG,BG.BG-ExEA.AQ,NET-BG001A,STA-BG0050A,BG0050A,SPO-BG0050A_00005_100,SPP-BG_A_BETA_thermo5030SHARP,SPO_F-BG0050A_00005_100_100,PM10,http://dd.eionet.europa.eu/vocabulary/aq/pollutant/5,day,68.34,µg/m3,2014-02-26 00:00:00 +01:00,2014-02-27 00:00:00 +01:00,1,1
BG,BG.BG-ExEA.AQ,NET-BG001A,STA-BG0050A,BG0050A,SPO-BG0050A_00005_100,SPP-BG_A_BETA_thermo5030SHARP,SPO_F-BG0050A_00005_100_100,PM10,http://dd.eionet.europa.eu/vocabulary/aq/pollutant/5,day,53.65,µg/m3,2014-01-01 00:00:00 +01:00,2014-01-02 00:00:00 +01:00,1,1
BG,BG.BG-ExEA.AQ,NET-BG001A,STA-BG0050A,BG0050A,SPO-BG0050A_00005_100,SPP-BG_A_BETA_thermo5030SHARP,SPO_F-BG0050A_00005_100_100,PM10,http://dd.eionet.europa.eu/vocabulary/aq/pollutant/5,day,230.94,µg/m3,2014-01-03 00:00:00 +01:00,2014-01-04 00:00:00 +01:00,1,1
BG,BG.BG-ExEA.AQ,NET-BG001A,STA-BG0050A,BG0050A,SPO-BG0050A_00005_100,SPP-BG_A_BETA_thermo5030SHARP,SPO_F-BG0050A_00005_100_100,PM10,http://dd.eionet.europa.eu/vocabulary/aq/pollutant/5,day,173.23,µg/m3,2014-01-04 00:00:00 +01:00,2014-01-05 00:00:00 +01:00,1,1
BG,BG.BG-ExEA.AQ,NET-BG001A,STA-BG0050A,BG0050A,SPO-BG0050A_00005_100,SPP-BG_A_BETA_thermo5030SHARP,SPO_F-BG0050A_00005_100_100,PM10,http://dd.eionet.europa.eu/vocabulary/aq/pollutant/5,day,32.52,µg/m3,2014-02-23 00:00:00 +01:00,2014-02-24 00:00:00 +01:00,1,1
BG,BG.BG-ExEA.AQ,NET-BG001A,STA-BG0050A,BG0050A,SPO-BG0050A_00005_100,SPP-BG_A_BETA_thermo5030SHARP,SPO_F-BG0050A_00005_100_100,PM10,http://dd.eionet.europa.eu/vocabulary/aq/pollutant/5,day,16.1,µg/m3,2014-03-06 00:00:00 +01:00,2014-03-07 00:00:00 +01:00,1,1
BG,BG.BG-ExEA.AQ,NET-BG001A,STA-BG0050A,BG0050A,SPO-BG0050A_00005_100,SPP-BG_A_BETA_thermo5030SHARP,SPO_F-BG0050A_00005_100_100,PM10,http://dd.eionet.europa.eu/vocabulary/aq/pollutant/5,day,26.16,µg/m3,2014-03-07 00:00:00 +01:00,2014-03-08 00:00:00 +01:00,1,1
BG,BG.BG-ExEA.AQ,NET-BG001A,STA-BG0050A,BG0050A,SPO-BG0050A_00005_100,SPP-BG_A_BETA_thermo5030SHARP,SPO_F-BG0050A_00005_100_100,PM10,http://dd.eionet.europa.eu/vocabulary/aq/pollutant/5,day,37.47,µg/m3,2014-03-26 00:00:00 +01:00,2014-03-27 00:00:00 +01:00,1,1
BG,BG.BG-ExEA.AQ,NET-BG001A,STA-BG0050A,BG0050A,SPO-BG0050A_00005_100,SPP-BG_A_BETA_thermo5030SHARP,SPO_F-BG0050A_00005_100_100,PM10,http://dd.eionet.europa.eu/vocabulary/aq/pollutant/5,day,19.58,µg/m3,2014-03-25 00:00:00 +01:00,2014-03-26 00:00:00 +01:00,1,1
BG,BG.BG-ExEA.AQ,NET-BG001A,STA-BG0050A,BG0050A,SPO-BG0050A_00005_100,SPP-BG_A_BETA_thermo5030SHARP,SPO_F-BG0050A_00005_100_100,PM10,http://dd.eionet.europa.eu/vocabulary/aq/pollutant/5,day,35.05,µg/m3,2014-03-27 00:00:00 +01:00,2014-03-28 00:00:00 +01:00,1,1
BG,BG.BG-ExEA.AQ,NET-BG001A,STA-BG0050A,BG0050A,SPO-BG0050A_00005_100,SPP-BG_A_BETA_thermo5030SHARP,SPO_F-BG0050A_00005_100_100,PM10,http://dd.eionet.europa.eu/vocabulary/aq/pollutant/5,day,31.25,µg/m3,2014-04-28 00:00:00 +01:00,2014-04-29 00:00:00 +01:00,1,1
BG,BG.BG-ExEA.AQ,NET-BG001A,STA-BG0050A,BG0050A,SPO-BG0050A_00005_100,SPP-BG_A_BETA_thermo5030SHARP,SPO_F-BG0050A_00005_100_100,PM10,http://dd.eionet.europa.eu/vocabulary/aq/pollutant/5,day,25.9,µg/m3,2014-04-06 00:00:00 +01:00,2014-04-07 00:00:00 +01:00,1,1
BG,BG.BG-ExEA.AQ,NET-BG001A,STA-BG0050A,BG0050A,SPO-BG0050A_00005_100,SPP-BG_A_BETA_thermo5030SHARP,SPO_F-BG0050A_00005_100_100,PM10,http://dd.eionet.europa.eu/vocabulary/aq/pollutant/5,day,25.83,µg/m3,2014-04-17 00:00:00 +01:00,2014-04-18 00:00:00 +01:00,1,1
BG,BG.BG-ExEA.AQ,NET-BG001A,STA-BG0050A,BG0050A,SPO-BG0050A_00005_100,SPP-BG_A_BETA_thermo5030SHARP,SPO_F-BG0050A_00005_100_100,PM10,http://dd.eionet.europa.eu/vocabulary/aq/pollutant/5,day,30.94,µg/m3,2014-04-13 00:00:00 +01:00,2014-04-14 00:00:00 +01:00,1,1
BG,BG.BG-ExEA.AQ,NET-BG001A,STA-BG0050A,BG0050A,SPO-BG0050A_00005_100,SPP-BG_A_BETA_thermo5030SHARP,SPO_F-BG0050A_00005_100_100,PM10,http://dd.eionet.europa.eu/vocabulary/aq/pollutant/5,day,27.96,µg/m3,2014-05-20 00:00:00 +01:00,2014-05-21 00:00:00 +01:00,1,1
BG,BG.BG-ExEA.AQ,NET-BG001A,STA-BG0050A,BG0050A,SPO-BG0050A_00005_100,SPP-BG_A_BETA_thermo5030SHARP,SPO_F-BG0050A_00005_100_100,PM10,http://dd.eionet.europa.eu/vocabulary/aq/pollutant/5,day,25.23,µg/m3,2014-05-15 00:00:00 +01:00,2014-05-16 00:00:00 +01:00,1,1
BG,BG.BG-ExEA.AQ,NET-BG001A,STA-BG0050A,BG0050A,SPO-BG0050A_00005_100,SPP-BG_A_BETA_thermo5030SHARP,SPO_F-BG0050A_00005_100_100,PM10,http://dd.eionet.europa.eu/vocabulary/aq/pollutant/5,day,20.25,µg/m3,2014-05-07 00:00:00 +01:00,2014-05-08 00:00:00 +01:00,1,1
BG,BG.BG-ExEA.AQ,NET-BG001A,STA-BG0050A,BG0050A,SPO-BG0050A_00005_100,SPP-BG_A_BETA_thermo5030SHARP,SPO_F-BG0050A_00005_100_100,PM10,http://dd.eionet.europa.eu/vocabulary/aq/pollutant/5,day,32.56,µg/m3,2014-05-26 00:00:00 +01:00,2014-05-27 00:00:00 +01:00,1,1
BG,BG.BG-ExEA.AQ,NET-BG001A,STA-BG0050A,BG0050A,SPO-BG0050A_00005_100,SPP-BG_A_BETA_thermo5030SHARP,SPO_F-BG0050A_00005_100_100,PM10,http://dd.eionet.europa.eu/vocabulary/aq/pollutant/5,day,18.29,µg/m3,2014-06-06 00:00:00 +01:00,2014-06-07 00:00:00 +01:00,1,1
BG,BG.BG-ExEA.AQ,NET-BG001A,STA-BG0050A,BG0050A,SPO-BG0050A_00005_100,SPP-BG_A_BETA_thermo5030SHARP,SPO_F-BG0050A_00005_100_100,PM10,http://dd.eionet.europa.eu/vocabulary/aq/pollutant/5,day,28.21,µg/m3,2014-06-09 00:00:00 +01:00,2014-06-10 00:00:00 +01:00,1,1
BG,BG.BG-ExEA.AQ,NET-BG001A,STA-BG0050A,BG0050A,SPO-BG0050A_00005_100,SPP-BG_A_BETA_thermo5030SHARP,SPO_F-BG0050A_00005_100_100,PM10,http://dd.eionet.europa.eu/vocabulary/aq/pollutant/5,day,30.46,µg/m3,2014-06-11 00:00:00 +01:00,2014-06-12 00:00:00 +01:00,1,1
BG,BG.BG-ExEA.AQ,NET-BG001A,STA-BG0050A,BG0050A,SPO-BG0050A_00005_100,SPP-BG_A_BETA_thermo5030SHARP,SPO_F-BG0050A_00005_100_100,PM10,http://dd.eionet.europa.eu/vocabulary/aq/pollutant/5,day,32.54,µg/m3,2014-06-24 00:00:00 +01:00,2014-06-25 00:00:00 +01:00,1,1
BG,BG.BG-ExEA.AQ,NET-BG001A,STA-BG0050A,BG0050A,SPO-BG0050A_00005_100,SPP-BG_A_BETA_thermo5030SHARP,SPO_F-BG0050A_00005_100_100,PM10,http://dd.eionet.europa.eu/vocabulary/aq/pollutant/5,day,22,µg/m3,2014-06-27 00:00:00 +01:00,2014-06-28 00:00:00 +01:00,1,1
BG,BG.BG-ExEA.AQ,NET-BG001A,STA-BG0050A,BG0050A,SPO-BG0050A_00005_100,SPP-BG_A_BETA_thermo5030SHARP,SPO_F-BG0050A_00005_100_100,PM10,http://dd.eionet.europa.eu/vocabulary/aq/pollutant/5,day,29.59,µg/m3,2014-06-12 00:00:00 +01:00,2014-06-13 00:00:00 +01:00,1,1
BG,BG.BG-ExEA.AQ,NET-BG001A,STA-BG0050A,BG0050A,SPO-BG0050A_00005_100,SPP-BG_A_BETA_thermo5030SHARP,SPO_F-BG0050A_00005_100_100,PM10,http://dd.eionet.europa.eu/vocabulary/aq/pollutant/5,day,34.54,µg/m3,2014-08-06 00:00:00 +01:00,2014-08-07 00:00:00 +01:00,1,1
BG,BG.BG-ExEA.AQ,NET-BG001A,STA-BG0050A,BG0050A,SPO-BG0050A_00005_100,SPP-BG_A_BETA_thermo5030SHARP,SPO_F-BG0050A_00005_100_100,PM10,http://dd.eionet.europa.eu/vocabulary/aq/pollutant/5,day,28.27,µg/m3,2014-07-20 00:00:00 +01:00,2014-07-21 00:00:00 +01:00,1,1
BG,BG.BG-ExEA.AQ,NET-BG001A,STA-BG0050A,BG0050A,SPO-BG0050A_00005_100,SPP-BG_A_BETA_thermo5030SHARP,SPO_F-BG0050A_00005_100_100,PM10,http://dd.eionet.europa.eu/vocabulary/aq/pollutant/5,day,22.74,µg/m3,2014-07-22 00:00:00 +01:00,2014-07-23 00:00:00 +01:00,1,1
BG,BG.BG-ExEA.AQ,NET-BG001A,STA-BG0050A,BG0050A,SPO-BG0050A_00005_100,SPP-BG_A_BETA_thermo5030SHARP,SPO_F-BG0050A_00005_100_100,PM10,http://dd.eionet.europa.eu/vocabulary/aq/pollutant/5,day,24.66,µg/m3,2014-08-29 00:00:00 +01:00,2014-08-30 00:00:00 +01:00,1,1
BG,BG.BG-ExEA.AQ,NET-BG001A,STA-BG0050A,BG0050A,SPO-BG0050A_00005_100,SPP-BG_A_BETA_thermo5030SHARP,SPO_F-BG0050A_00005_100_100,PM10,http://dd.eionet.europa.eu/vocabulary/aq/pollutant/5,day,19.84,µg/m3,2014-08-31 00:00:00 +01:00,2014-09-01 00:00:00 +01:00,1,1
BG,BG.BG-ExEA.AQ,NET-BG001A,STA-BG0050A,BG0050A,SPO-BG0050A_00005_100,SPP-BG_A_BETA_thermo5030SHARP,SPO_F-BG0050A_00005_100_100,PM10,http://dd.eionet.europa.eu/vocabulary/aq/pollutant/5,day,31.51,µg/m3,2014-09-15 00:00:00 +01:00,2014-09-16 00:00:00 +01:00,1,1
BG,BG.BG-ExEA.AQ,NET-BG001A,STA-BG0050A,BG0050A,SPO-BG0050A_00005_100,SPP-BG_A_BETA_thermo5030SHARP,SPO_F-BG0050A_00005_100_100,PM10,http://dd.eionet.europa.eu/vocabulary/aq/pollutant/5,day,43.8,µg/m3,2014-09-11 00:00:00 +01:00,2014-09-12 00:00:00 +01:00,1,1
BG,BG.BG-ExEA.AQ,NET-BG001A,STA-BG0050A,BG0050A,SPO-BG0050A_00005_100,SPP-BG_A_BETA_thermo5030SHARP,SPO_F-BG0050A_00005_100_100,PM10,http://dd.eionet.europa.eu/vocabulary/aq/pollutant/5,day,36.56,µg/m3,2014-09-25 00:00:00 +01:00,2014-09-26 00:00:00 +01:00,1,1
BG,BG.BG-ExEA.AQ,NET-BG001A,STA-BG0050A,BG0050A,SPO-BG0050A_00005_100,SPP-BG_A_BETA_thermo5030SHARP,SPO_F-BG0050A_00005_100_100,PM10,http://dd.eionet.europa.eu/vocabulary/aq/pollutant/5,day,20.4,µg/m3,2014-09-28 00:00:00 +01:00,2014-09-29 00:00:00 +01:00,1,1
BG,BG.BG-ExEA.AQ,NET-BG001A,STA-BG0050A,BG0050A,SPO-BG0050A_00005_100,SPP-BG_A_BETA_thermo5030SHARP,SPO_F-BG0050A_00005_100_100,PM10,http://dd.eionet.europa.eu/vocabulary/aq/pollutant/5,day,17.19,µg/m3,2014-10-18 00:00:00 +01:00,2014-10-19 00:00:00 +01:00,1,1
BG,BG.BG-ExEA.AQ,NET-BG001A,STA-BG0050A,BG0050A,SPO-BG0050A_00005_100,SPP-BG_A_BETA_thermo5030SHARP,SPO_F-BG0050A_00005_100_100,PM10,http://dd.eionet.europa.eu/vocabulary/aq/pollutant/5,day,10.05,µg/m3,2014-10-26 00:00:00 +01:00,2014-10-27 00:00:00 +01:00,1,1
BG,BG.BG-ExEA.AQ,NET-BG001A,STA-BG0050A,BG0050A,SPO-BG0050A_00005_100,SPP-BG_A_BETA_thermo5030SHARP,SPO_F-BG0050A_00005_100_100,PM10,http://dd.eionet.europa.eu/vocabulary/aq/pollutant/5,day,38.3,µg/m3,2014-10-30 00:00:00 +01:00,2014-10-31 00:00:00 +01:00,1,1
BG,BG.BG-ExEA.AQ,NET-BG001A,STA-BG0050A,BG0050A,SPO-BG0050A_00005_100,SPP-BG_A_BETA_thermo5030SHARP,SPO_F-BG0050A_00005_100_100,PM10,http://dd.eionet.europa.eu/vocabulary/aq/pollutant/5,day,69.09,µg/m3,2014-11-03 00:00:00 +01:00,2014-11-04 00:00:00 +01:00,1,1
BG,BG.BG-ExEA.AQ,NET-BG001A,STA-BG0050A,BG0050A,SPO-BG0050A_00005_100,SPP-BG_A_BETA_thermo5030SHARP,SPO_F-BG0050A_00005_100_100,PM10,http://dd.eionet.europa.eu/vocabulary/aq/pollutant/5,day,57.16,µg/m3,2014-11-27 00:00:00 +01:00,2014-11-28 00:00:00 +01:00,1,1
BG,BG.BG-ExEA.AQ,NET-BG001A,STA-BG0050A,BG0050A,SPO-BG0050A_00005_100,SPP-BG_A_BETA_thermo5030SHARP,SPO_F-BG0050A_00005_100_100,PM10,http://dd.eionet.europa.eu/vocabulary/aq/pollutant/5,day,48.08,µg/m3,2014-12-04 00:00:00 +01:00,2014-12-05 00:00:00 +01:00,1,1
BG,BG.BG-ExEA.AQ,NET-BG001A,STA-BG0050A,BG0050A,SPO-BG0050A_00005_100,SPP-BG_A_BETA_thermo5030SHARP,SPO_F-BG0050A_00005_100_100,PM10,http://dd.eionet.europa.eu/vocabulary/aq/pollutant/5,day,28.03,µg/m3,2014-11-19 00:00:00 +01:00,2014-11-20 00:00:00 +01:00,1,1
BG,BG.BG-ExEA.AQ,NET-BG001A,STA-BG0050A,BG0050A,SPO-BG0050A_00005_100,SPP-BG_A_BETA_thermo5030SHARP,SPO_F-BG0050A_00005_100_100,PM10,http://dd.eionet.europa.eu/vocabulary/aq/pollutant/5,day,115.76,µg/m3,2014-11-07 00:00:00 +01:00,2014-11-08 00:00:00 +01:00,1,1
BG,BG.BG-ExEA.AQ,NET-BG001A,STA-BG0050A,BG0050A,SPO-BG0050A_00005_100,SPP-BG_A_BETA_thermo5030SHARP,SPO_F-BG0050A_00005_100_100,PM10,http://dd.eionet.europa.eu/vocabulary/aq/pollutant/5,day,64.7,µg/m3,2014-12-28 00:00:00 +01:00,2014-12-29 00:00:00 +01:00,1,1
