Countrycode,Namespace,AirQualityNetwork,AirQualityStation,AirQualityStationEoICode,SamplingPoint,SamplingProcess,Sample,AirPollutant,AirPollutantCode,AveragingTime,Concentration,UnitOfMeasurement,DatetimeBegin,DatetimeEnd,Validity,Verification
BG,BG.BG-ExEA.AQ,NET-BG001A,STA-BG0073A,BG0073A,SPO-BG0073A_00005_100,SPP-BG_A_BETA_thermo5030SHARP,SPO_F-BG0073A_00005_100_100,PM10,http://dd.eionet.europa.eu/vocabulary/aq/pollutant/5,day,21.82,µg/m3,2015-06-16 00:00:00 +01:00,2015-06-17 00:00:00 +01:00,1,1
BG,BG.BG-ExEA.AQ,NET-BG001A,STA-BG0073A,BG0073A,SPO-BG0073A_00005_100,SPP-BG_A_BETA_thermo5030SHARP,SPO_F-BG0073A_00005_100_100,PM10,http://dd.eionet.europa.eu/vocabulary/aq/pollutant/5,day,26.54,µg/m3,2015-06-15 00:00:00 +01:00,2015-06-16 00:00:00 +01:00,1,1
BG,BG.BG-ExEA.AQ,NET-BG001A,STA-BG0073A,BG0073A,SPO-BG0073A_00005_100,SPP-BG_A_BETA_thermo5030SHARP,SPO_F-BG0073A_00005_100_100,PM10,http://dd.eionet.europa.eu/vocabulary/aq/pollutant/5,day,28.19,µg/m3,2015-06-12 00:00:00 +01:00,2015-06-13 00:00:00 +01:00,1,1
BG,BG.BG-ExEA.AQ,NET-BG001A,STA-BG0073A,BG0073A,SPO-BG0073A_00005_100,SPP-BG_A_BETA_thermo5030SHARP,SPO_F-BG0073A_00005_100_100,PM10,http://dd.eionet.europa.eu/vocabulary/aq/pollutant/5,day,30.87,µg/m3,2015-06-14 00:00:00 +01:00,2015-06-15 00:00:00 +01:00,1,1
BG,BG.BG-ExEA.AQ,NET-BG001A,STA-BG0073A,BG0073A,SPO-BG0073A_00005_100,SPP-BG_A_BETA_thermo5030SHARP,SPO_F-BG0073A_00005_100_100,PM10,http://dd.eionet.europa.eu/vocabulary/aq/pollutant/5,day,23.81,µg/m3,2015-06-28 00:00:00 +01:00,2015-06-29 00:00:00 +01:00,1,1
BG,BG.BG-ExEA.AQ,NET-BG001A,STA-BG0073A,BG0073A,SPO-BG0073A_00005_100,SPP-BG_A_BETA_thermo5030SHARP,SPO_F-BG0073A_00005_100_100,PM10,http://dd.eionet.europa.eu/vocabulary/aq/pollutant/5,day,14.16,µg/m3,2015-06-26 00:00:00 +01:00,2015-06-27 00:00:00 +01:00,1,1
BG,BG.BG-ExEA.AQ,NET-BG001A,STA-BG0073A,BG0073A,SPO-BG0073A_00005_100,SPP-BG_A_BETA_thermo5030SHARP,SPO_F-BG0073A_00005_100_100,PM10,http://dd.eionet.europa.eu/vocabulary/aq/pollutant/5,day,29.94,µg/m3,2015-06-23 00:00:00 +01:00,2015-06-24 00:00:00 +01:00,1,1
BG,BG.BG-ExEA.AQ,NET-BG001A,STA-BG0073A,BG0073A,SPO-BG0073A_00005_100,SPP-BG_A_BETA_thermo5030SHARP,SPO_F-BG0073A_00005_100_100,PM10,http://dd.eionet.europa.eu/vocabulary/aq/pollutant/5,day,20.11,µg/m3,2015-07-16 00:00:00 +01:00,2015-07-17 00:00:00 +01:00,1,1
BG,BG.BG-ExEA.AQ,NET-BG001A,STA-BG0073A,BG0073A,SPO-BG0073A_00005_100,SPP-BG_A_BETA_thermo5030SHARP,SPO_F-BG0073A_00005_100_100,PM10,http://dd.eionet.europa.eu/vocabulary/aq/pollutant/5,day,20.56,µg/m3,2015-07-15 00:00:00 +01:00,2015-07-16 00:00:00 +01:00,1,1
BG,BG.BG-ExEA.AQ,NET-BG001A,STA-BG0073A,BG0073A,SPO-BG0073A_00005_100,SPP-BG_A_BETA_thermo5030SHARP,SPO_F-BG0073A_00005_100_100,PM10,http://dd.eionet.europa.eu/vocabulary/aq/pollutant/5,day,39.67,µg/m3,2015-07-09 00:00:00 +01:00,2015-07-10 00:00:00 +01:00,1,1
BG,BG.BG-ExEA.AQ,NET-BG001A,STA-BG0073A,BG0073A,SPO-BG0073A_00005_100,SPP-BG_A_BETA_thermo5030SHARP,SPO_F-BG0073A_00005_100_100,PM10,http://dd.eionet.europa.eu/vocabulary/aq/pollutant/5,day,25.25,µg/m3,2015-07-03 00:00:00 +01:00,2015-07-04 00:00:00 +01:00,1,1
BG,BG.BG-ExEA.AQ,NET-BG001A,STA-BG0073A,BG0073A,SPO-BG0073A_00005_100,SPP-BG_A_BETA_thermo5030SHARP,SPO_F-BG0073A_00005_100_100,PM10,http://dd.eionet.europa.eu/vocabulary/aq/pollutant/5,day,23.28,µg/m3,2015-06-29 00:00:00 +01:00,2015-06-30 00:00:00 +01:00,1,1
BG,BG.BG-ExEA.AQ,NET-BG001A,STA-BG0073A,BG0073A,SPO-BG0073A_00005_100,SPP-BG_A_BETA_thermo5030SHARP,SPO_F-BG0073A_00005_100_100,PM10,http://dd.eionet.europa.eu/vocabulary/aq/pollutant/5,day,27.91,µg/m3,2015-07-17 00:00:00 +01:00,2015-07-18 00:00:00 +01:00,1,1
BG,BG.BG-ExEA.AQ,NET-BG001A,STA-BG0073A,BG0073A,SPO-BG0073A_00005_100,SPP-BG_A_BETA_thermo5030SHARP,SPO_F-BG0073A_00005_100_100,PM10,http://dd.eionet.europa.eu/vocabulary/aq/pollutant/5,day,32.6,µg/m3,2015-07-18 00:00:00 +01:00,2015-07-19 00:00:00 +01:00,1,1
BG,BG.BG-ExEA.AQ,NET-BG001A,STA-BG0073A,BG0073A,SPO-BG0073A_00005_100,SPP-BG_A_BETA_thermo5030SHARP,SPO_F-BG0073A_00005_100_100,PM10,http://dd.eionet.europa.eu/vocabulary/aq/pollutant/5,day,26.44,µg/m3,2015-07-19 00:00:00 +01:00,2015-07-20 00:00:00 +01:00,1,1
BG,BG.BG-ExEA.AQ,NET-BG001A,STA-BG0073A,BG0073A,SPO-BG0073A_00005_100,SPP-BG_A_BETA_thermo5030SHARP,SPO_F-BG0073A_00005_100_100,PM10,http://dd.eionet.europa.eu/vocabulary/aq/pollutant/5,day,32.97,µg/m3,2015-07-22 00:00:00 +01:00,2015-07-23 00:00:00 +01:00,1,1
BG,BG.BG-ExEA.AQ,NET-BG001A,STA-BG0073A,BG0073A,SPO-BG0073A_00005_100,SPP-BG_A_BETA_thermo5030SHARP,SPO_F-BG0073A_00005_100_100,PM10,http://dd.eionet.europa.eu/vocabulary/aq/pollutant/5,day,34.91,µg/m3,2015-07-21 00:00:00 +01:00,2015-07-22 00:00:00 +01:00,1,1
BG,BG.BG-ExEA.AQ,NET-BG001A,STA-BG0073A,BG0073A,SPO-BG0073A_00005_100,SPP-BG_A_BETA_thermo5030SHARP,SPO_F-BG0073A_00005_100_100,PM10,http://dd.eionet.europa.eu/vocabulary/aq/pollutant/5,day,36.15,µg/m3,2015-07-20 00:00:00 +01:00,2015-07-21 00:00:00 +01:00,1,1
BG,BG.BG-ExEA.AQ,NET-BG001A,STA-BG0073A,BG0073A,SPO-BG0073A_00005_100,SPP-BG_A_BETA_thermo5030SHARP,SPO_F-BG0073A_00005_100_100,PM10,http://dd.eionet.europa.eu/vocabulary/aq/pollutant/5,day,31.89,µg/m3,2015-07-26 00:00:00 +01:00,2015-07-27 00:00:00 +01:00,1,1
BG,BG.BG-ExEA.AQ,NET-BG001A,STA-BG0073A,BG0073A,SPO-BG0073A_00005_100,SPP-BG_A_BETA_thermo5030SHARP,SPO_F-BG0073A_00005_100_100,PM10,http://dd.eionet.europa.eu/vocabulary/aq/pollutant/5,day,27.51,µg/m3,2015-07-25 00:00:00 +01:00,2015-07-26 00:00:00 +01:00,1,1
BG,BG.BG-ExEA.AQ,NET-BG001A,STA-BG0073A,BG0073A,SPO-BG0073A_00005_100,SPP-BG_A_BETA_thermo5030SHARP,SPO_F-BG0073A_00005_100_100,PM10,http://dd.eionet.europa.eu/vocabulary/aq/pollutant/5,day,33.67,µg/m3,2015-08-02 00:00:00 +01:00,2015-08-03 00:00:00 +01:00,1,1
BG,BG.BG-ExEA.AQ,NET-BG001A,STA-BG0073A,BG0073A,SPO-BG0073A_00005_100,SPP-BG_A_BETA_thermo5030SHARP,SPO_F-BG0073A_00005_100_100,PM10,http://dd.eionet.europa.eu/vocabulary/aq/pollutant/5,day,24.69,µg/m3,2015-08-09 00:00:00 +01:00,2015-08-10 00:00:00 +01:00,1,1
BG,BG.BG-ExEA.AQ,NET-BG001A,STA-BG0073A,BG0073A,SPO-BG0073A_00005_100,SPP-BG_A_BETA_thermo5030SHARP,SPO_F-BG0073A_00005_100_100,PM10,http://dd.eionet.europa.eu/vocabulary/aq/pollutant/5,day,36.24,µg/m3,2015-08-07 00:00:00 +01:00,2015-08-08 00:00:00 +01:00,1,1
BG,BG.BG-ExEA.AQ,NET-BG001A,STA-BG0073A,BG0073A,SPO-BG0073A_00005_100,SPP-BG_A_BETA_thermo5030SHARP,SPO_F-BG0073A_00005_100_100,PM10,http://dd.eionet.europa.eu/vocabulary/aq/pollutant/5,day,23.12,µg/m3,2015-08-19 00:00:00 +01:00,2015-08-20 00:00:00 +01:00,1,1
BG,BG.BG-ExEA.AQ,NET-BG001A,STA-BG0073A,BG0073A,SPO-BG0073A_00005_100,SPP-BG_A_BETA_thermo5030SHARP,SPO_F-BG0073A_00005_100_100,PM10,http://dd.eionet.europa.eu/vocabulary/aq/pollutant/5,day,16.98,µg/m3,2015-08-18 00:00:00 +01:00,2015-08-19 00:00:00 +01:00,1,1
BG,BG.BG-ExEA.AQ,NET-BG001A,STA-BG0073A,BG0073A,SPO-BG0073A_00005_100,SPP-BG_A_BETA_thermo5030SHARP,SPO_F-BG0073A_00005_100_100,PM10,http://dd.eionet.europa.eu/vocabulary/aq/pollutant/5,day,33,µg/m3,2015-08-13 00:00:00 +01:00,2015-08-14 00:00:00 +01:00,1,1
BG,BG.BG-ExEA.AQ,NET-BG001A,STA-BG0073A,BG0073A,SPO-BG0073A_00005_100,SPP-BG_A_BETA_thermo5030SHARP,SPO_F-BG0073A_00005_100_100,PM10,http://dd.eionet.europa.eu/vocabulary/aq/pollutant/5,day,39.19,µg/m3,2015-08-12 00:00:00 +01:00,2015-08-13 00:00:00 +01:00,1,1
BG,BG.BG-ExEA.AQ,NET-BG001A,STA-BG0073A,BG0073A,SPO-BG0073A_00005_100,SPP-BG_A_BETA_thermo5030SHARP,SPO_F-BG0073A_00005_100_100,PM10,http://dd.eionet.europa.eu/vocabulary/aq/pollutant/5,day,31.85,µg/m3,2015-08-11 00:00:00 +01:00,2015-08-12 00:00:00 +01:00,1,1
BG,BG.BG-ExEA.AQ,NET-BG001A,STA-BG0073A,BG0073A,SPO-BG0073A_00005_100,SPP-BG_A_BETA_thermo5030SHARP,SPO_F-BG0073A_00005_100_100,PM10,http://dd.eionet.europa.eu/vocabulary/aq/pollutant/5,day,26.77,µg/m3,2015-08-10 00:00:00 +01:00,2015-08-11 00:00:00 +01:00,1,1
BG,BG.BG-ExEA.AQ,NET-BG001A,STA-BG0073A,BG0073A,SPO-BG0073A_00005_100,SPP-BG_A_BETA_thermo5030SHARP,SPO_F-BG0073A_00005_100_100,PM10,http://dd.eionet.europa.eu/vocabulary/aq/pollutant/5,day,34.54,µg/m3,2015-08-14 00:00:00 +01:00,2015-08-15 00:00:00 +01:00,1,1
BG,BG.BG-ExEA.AQ,NET-BG001A,STA-BG0073A,BG0073A,SPO-BG0073A_00005_100,SPP-BG_A_BETA_thermo5030SHARP,SPO_F-BG0073A_00005_100_100,PM10,http://dd.eionet.europa.eu/vocabulary/aq/pollutant/5,day,34.41,µg/m3,2015-08-15 00:00:00 +01:00,2015-08-16 00:00:00 +01:00,1,1
BG,BG.BG-ExEA.AQ,NET-BG001A,STA-BG0073A,BG0073A,SPO-BG0073A_00005_100,SPP-BG_A_BETA_thermo5030SHARP,SPO_F-BG0073A_00005_100_100,PM10,http://dd.eionet.europa.eu/vocabulary/aq/pollutant/5,day,20.11,µg/m3,2015-08-17 00:00:00 +01:00,2015-08-18 00:00:00 +01:00,1,1
BG,BG.BG-ExEA.AQ,NET-BG001A,STA-BG0073A,BG0073A,SPO-BG0073A_00005_100,SPP-BG_A_BETA_thermo5030SHARP,SPO_F-BG0073A_00005_100_100,PM10,http://dd.eionet.europa.eu/vocabulary/aq/pollutant/5,day,13.14,µg/m3,2015-09-08 00:00:00 +01:00,2015-09-09 00:00:00 +01:00,1,1
BG,BG.BG-ExEA.AQ,NET-BG001A,STA-BG0073A,BG0073A,SPO-BG0073A_00005_100,SPP-BG_A_BETA_thermo5030SHARP,SPO_F-BG0073A_00005_100_100,PM10,http://dd.eionet.europa.eu/vocabulary/aq/pollutant/5,day,18.5,µg/m3,2015-08-24 00:00:00 +01:00,2015-08-25 00:00:00 +01:00,1,1
BG,BG.BG-ExEA.AQ,NET-BG001A,STA-BG0073A,BG0073A,SPO-BG0073A_00005_100,SPP-BG_A_BETA_thermo5030SHARP,SPO_F-BG0073A_00005_100_100,PM10,http://dd.eionet.europa.eu/vocabulary/aq/pollutant/5,day,33.86,µg/m3,2015-08-28 00:00:00 +01:00,2015-08-29 00:00:00 +01:00,1,1
BG,BG.BG-ExEA.AQ,NET-BG001A,STA-BG0073A,BG0073A,SPO-BG0073A_00005_100,SPP-BG_A_BETA_thermo5030SHARP,SPO_F-BG0073A_00005_100_100,PM10,http://dd.eionet.europa.eu/vocabulary/aq/pollutant/5,day,31.28,µg/m3,2015-08-27 00:00:00 +01:00,2015-08-28 00:00:00 +01:00,1,1
BG,BG.BG-ExEA.AQ,NET-BG001A,STA-BG0073A,BG0073A,SPO-BG0073A_00005_100,SPP-BG_A_BETA_thermo5030SHARP,SPO_F-BG0073A_00005_100_100,PM10,http://dd.eionet.europa.eu/vocabulary/aq/pollutant/5,day,30.25,µg/m3,2015-08-29 00:00:00 +01:00,2015-08-30 00:00:00 +01:00,1,1
BG,BG.BG-ExEA.AQ,NET-BG001A,STA-BG0073A,BG0073A,SPO-BG0073A_00005_100,SPP-BG_A_BETA_thermo5030SHARP,SPO_F-BG0073A_00005_100_100,PM10,http://dd.eionet.europa.eu/vocabulary/aq/pollutant/5,day,34.15,µg/m3,2015-08-31 00:00:00 +01:00,2015-09-01 00:00:00 +01:00,1,1
BG,BG.BG-ExEA.AQ,NET-BG001A,STA-BG0073A,BG0073A,SPO-BG0073A_00005_100,SPP-BG_A_BETA_thermo5030SHARP,SPO_F-BG0073A_00005_100_100,PM10,http://dd.eionet.europa.eu/vocabulary/aq/pollutant/5,day,28.44,µg/m3,2015-09-01 00:00:00 +01:00,2015-09-02 00:00:00 +01:00,1,1
BG,BG.BG-ExEA.AQ,NET-BG001A,STA-BG0073A,BG0073A,SPO-BG0073A_00005_100,SPP-BG_A_BETA_thermo5030SHARP,SPO_F-BG0073A_00005_100_100,PM10,http://dd.eionet.europa.eu/vocabulary/aq/pollutant/5,day,29.43,µg/m3,2015-09-02 00:00:00 +01:00,2015-09-03 00:00:00 +01:00,1,1
BG,BG.BG-ExEA.AQ,NET-BG001A,STA-BG0073A,BG0073A,SPO-BG0073A_00005_100,SPP-BG_A_BETA_thermo5030SHARP,SPO_F-BG0073A_00005_100_100,PM10,http://dd.eionet.europa.eu/vocabulary/aq/pollutant/5,day,32.13,µg/m3,2015-09-06 00:00:00 +01:00,2015-09-07 00:00:00 +01:00,1,1
BG,BG.BG-ExEA.AQ,NET-BG001A,STA-BG0073A,BG0073A,SPO-BG0073A_00005_100,SPP-BG_A_BETA_thermo5030SHARP,SPO_F-BG0073A_00005_100_100,PM10,http://dd.eionet.europa.eu/vocabulary/aq/pollutant/5,day,16.97,µg/m3,2015-09-07 00:00:00 +01:00,2015-09-08 00:00:00 +01:00,1,1
BG,BG.BG-ExEA.AQ,NET-BG001A,STA-BG0073A,BG0073A,SPO-BG0073A_00005_100,SPP-BG_A_BETA_thermo5030SHARP,SPO_F-BG0073A_00005_100_100,PM10,http://dd.eionet.europa.eu/vocabulary/aq/pollutant/5,day,36.35,µg/m3,2015-09-05 00:00:00 +01:00,2015-09-06 00:00:00 +01:00,1,1
BG,BG.BG-ExEA.AQ,NET-BG001A,STA-BG0073A,BG0073A,SPO-BG0073A_00005_100,SPP-BG_A_BETA_thermo5030SHARP,SPO_F-BG0073A_00005_100_100,PM10,http://dd.eionet.europa.eu/vocabulary/aq/pollutant/5,day,35.85,µg/m3,2015-09-04 00:00:00 +01:00,2015-09-05 00:00:00 +01:00,1,1
BG,BG.BG-ExEA.AQ,NET-BG001A,STA-BG0073A,BG0073A,SPO-BG0073A_00005_100,SPP-BG_A_BETA_thermo5030SHARP,SPO_F-BG0073A_00005_100_100,PM10,http://dd.eionet.europa.eu/vocabulary/aq/pollutant/5,day,20.97,µg/m3,2015-09-13 00:00:00 +01:00,2015-09-14 00:00:00 +01:00,1,1
BG,BG.BG-ExEA.AQ,NET-BG001A,STA-BG0073A,BG0073A,SPO-BG0073A_00005_100,SPP-BG_A_BETA_thermo5030SHARP,SPO_F-BG0073A_00005_100_100,PM10,http://dd.eionet.europa.eu/vocabulary/aq/pollutant/5,day,14.2,µg/m3,2015-09-12 00:00:00 +01:00,2015-09-13 00:00:00 +01:00,1,1
BG,BG.BG-ExEA.AQ,NET-BG001A,STA-BG0073A,BG0073A,SPO-BG0073A_00005_100,SPP-BG_A_BETA_thermo5030SHARP,SPO_F-BG0073A_00005_100_100,PM10,http://dd.eionet.europa.eu/vocabulary/aq/pollutant/5,day,29.8,µg/m3,2015-09-14 00:00:00 +01:00,2015-09-15 00:00:00 +01:00,1,1
BG,BG.BG-ExEA.AQ,NET-BG001A,STA-BG0073A,BG0073A,SPO-BG0073A_00005_100,SPP-BG_A_BETA_thermo5030SHARP,SPO_F-BG0073A_00005_100_100,PM10,http://dd.eionet.europa.eu/vocabulary/aq/pollutant/5,day,21.59,µg/m3,2015-09-11 00:00:00 +01:00,2015-09-12 00:00:00 +01:00,1,1
BG,BG.BG-ExEA.AQ,NET-BG001A,STA-BG0073A,BG0073A,SPO-BG0073A_00005_100,SPP-BG_A_BETA_thermo5030SHARP,SPO_F-BG0073A_00005_100_100,PM10,http://dd.eionet.europa.eu/vocabulary/aq/pollutant/5,day,23.3,µg/m3,2015-09-09 00:00:00 +01:00,2015-09-10 00:00:00 +01:00,1,1
BG,BG.BG-ExEA.AQ,NET-BG001A,STA-BG0073A,BG0073A,SPO-BG0073A_00005_100,SPP-BG_A_BETA_thermo5030SHARP,SPO_F-BG0073A_00005_100_100,PM10,http://dd.eionet.europa.eu/vocabulary/aq/pollutant/5,day,31.62,µg/m3,2015-09-10 00:00:00 +01:00,2015-09-11 00:00:00 +01:00,1,1
BG,BG.BG-ExEA.AQ,NET-BG001A,STA-BG0073A,BG0073A,SPO-BG0073A_00005_100,SPP-BG_A_BETA_thermo5030SHARP,SPO_F-BG0073A_00005_100_100,PM10,http://dd.eionet.europa.eu/vocabulary/aq/pollutant/5,day,51.61,µg/m3,2015-09-17 00:00:00 +01:00,2015-09-18 00:00:00 +01:00,1,1
BG,BG.BG-ExEA.AQ,NET-BG001A,STA-BG0073A,BG0073A,SPO-BG0073A_00005_100,SPP-BG_A_BETA_thermo5030SHARP,SPO_F-BG0073A_00005_100_100,PM10,http://dd.eionet.europa.eu/vocabulary/aq/pollutant/5,day,52.4,µg/m3,2015-09-18 00:00:00 +01:00,2015-09-19 00:00:00 +01:00,1,1
BG,BG.BG-ExEA.AQ,NET-BG001A,STA-BG0073A,BG0073A,SPO-BG0073A_00005_100,SPP-BG_A_BETA_thermo5030SHARP,SPO_F-BG0073A_00005_100_100,PM10,http://dd.eionet.europa.eu/vocabulary/aq/pollutant/5,day,47.61,µg/m3,2015-09-16 00:00:00 +01:00,2015-09-17 00:00:00 +01:00,1,1
BG,BG.BG-ExEA.AQ,NET-BG001A,STA-BG0073A,BG0073A,SPO-BG0073A_00005_100,SPP-BG_A_BETA_thermo5030SHARP,SPO_F-BG0073A_00005_100_100,PM10,http://dd.eionet.europa.eu/vocabulary/aq/pollutant/5,day,37.21,µg/m3,2015-09-15 00:00:00 +01:00,2015-09-16 00:00:00 +01:00,1,1
BG,BG.BG-ExEA.AQ,NET-BG001A,STA-BG0073A,BG0073A,SPO-BG0073A_00005_100,SPP-BG_A_BETA_thermo5030SHARP,SPO_F-BG0073A_00005_100_100,PM10,http://dd.eionet.europa.eu/vocabulary/aq/pollutant/5,day,55.32,µg/m3,2015-09-19 00:00:00 +01:00,2015-09-20 00:00:00 +01:00,1,1
BG,BG.BG-ExEA.AQ,NET-BG001A,STA-BG0073A,BG0073A,SPO-BG0073A_00005_100,SPP-BG_A_BETA_thermo5030SHARP,SPO_F-BG0073A_00005_100_100,PM10,http://dd.eionet.europa.eu/vocabulary/aq/pollutant/5,day,45.51,µg/m3,2015-09-20 00:00:00 +01:00,2015-09-21 00:00:00 +01:00,1,1
BG,BG.BG-ExEA.AQ,NET-BG001A,STA-BG0073A,BG0073A,SPO-BG0073A_00005_100,SPP-BG_A_BETA_thermo5030SHARP,SPO_F-BG0073A_00005_100_100,PM10,http://dd.eionet.europa.eu/vocabulary/aq/pollutant/5,day,23.59,µg/m3,2015-09-22 00:00:00 +01:00,2015-09-23 00:00:00 +01:00,1,1
BG,BG.BG-ExEA.AQ,NET-BG001A,STA-BG0073A,BG0073A,SPO-BG0073A_00005_100,SPP-BG_A_BETA_thermo5030SHARP,SPO_F-BG0073A_00005_100_100,PM10,http://dd.eionet.europa.eu/vocabulary/aq/pollutant/5,day,10.59,µg/m3,2015-09-30 00:00:00 +01:00,2015-10-01 00:00:00 +01:00,1,1
BG,BG.BG-ExEA.AQ,NET-BG001A,STA-BG0073A,BG0073A,SPO-BG0073A_00005_100,SPP-BG_A_BETA_thermo5030SHARP,SPO_F-BG0073A_00005_100_100,PM10,http://dd.eionet.europa.eu/vocabulary/aq/pollutant/5,day,9.92,µg/m3,2015-09-27 00:00:00 +01:00,2015-09-28 00:00:00 +01:00,1,1
BG,BG.BG-ExEA.AQ,NET-BG001A,STA-BG0073A,BG0073A,SPO-BG0073A_00005_100,SPP-BG_A_BETA_thermo5030SHARP,SPO_F-BG0073A_00005_100_100,PM10,http://dd.eionet.europa.eu/vocabulary/aq/pollutant/5,day,19.19,µg/m3,2015-10-06 00:00:00 +01:00,2015-10-07 00:00:00 +01:00,1,1
BG,BG.BG-ExEA.AQ,NET-BG001A,STA-BG0073A,BG0073A,SPO-BG0073A_00005_100,SPP-BG_A_BETA_thermo5030SHARP,SPO_F-BG0073A_00005_100_100,PM10,http://dd.eionet.europa.eu/vocabulary/aq/pollutant/5,day,33.28,µg/m3,2015-10-07 00:00:00 +01:00,2015-10-08 00:00:00 +01:00,1,1
BG,BG.BG-ExEA.AQ,NET-BG001A,STA-BG0073A,BG0073A,SPO-BG0073A_00005_100,SPP-BG_A_BETA_thermo5030SHARP,SPO_F-BG0073A_00005_100_100,PM10,http://dd.eionet.europa.eu/vocabulary/aq/pollutant/5,day,16.69,µg/m3,2015-10-08 00:00:00 +01:00,2015-10-09 00:00:00 +01:00,1,1
BG,BG.BG-ExEA.AQ,NET-BG001A,STA-BG0073A,BG0073A,SPO-BG0073A_00005_100,SPP-BG_A_BETA_thermo5030SHARP,SPO_F-BG0073A_00005_100_100,PM10,http://dd.eionet.europa.eu/vocabulary/aq/pollutant/5,day,13.7,µg/m3,2015-10-12 00:00:00 +01:00,2015-10-13 00:00:00 +01:00,1,1
BG,BG.BG-ExEA.AQ,NET-BG001A,STA-BG0073A,BG0073A,SPO-BG0073A_00005_100,SPP-BG_A_BETA_thermo5030SHARP,SPO_F-BG0073A_00005_100_100,PM10,http://dd.eionet.europa.eu/vocabulary/aq/pollutant/5,day,16.25,µg/m3,2015-10-11 00:00:00 +01:00,2015-10-12 00:00:00 +01:00,1,1
BG,BG.BG-ExEA.AQ,NET-BG001A,STA-BG0073A,BG0073A,SPO-BG0073A_00005_100,SPP-BG_A_BETA_thermo5030SHARP,SPO_F-BG0073A_00005_100_100,PM10,http://dd.eionet.europa.eu/vocabulary/aq/pollutant/5,day,19.44,µg/m3,2015-10-10 00:00:00 +01:00,2015-10-11 00:00:00 +01:00,1,1
BG,BG.BG-ExEA.AQ,NET-BG001A,STA-BG0073A,BG0073A,SPO-BG0073A_00005_100,SPP-BG_A_BETA_thermo5030SHARP,SPO_F-BG0073A_00005_100_100,PM10,http://dd.eionet.europa.eu/vocabulary/aq/pollutant/5,day,21.39,µg/m3,2015-10-09 00:00:00 +01:00,2015-10-10 00:00:00 +01:00,1,1
BG,BG.BG-ExEA.AQ,NET-BG001A,STA-BG0073A,BG0073A,SPO-BG0073A_00005_100,SPP-BG_A_BETA_thermo5030SHARP,SPO_F-BG0073A_00005_100_100,PM10,http://dd.eionet.europa.eu/vocabulary/aq/pollutant/5,day,42.03,µg/m3,2015-10-18 00:00:00 +01:00,2015-10-19 00:00:00 +01:00,1,1
BG,BG.BG-ExEA.AQ,NET-BG001A,STA-BG0073A,BG0073A,SPO-BG0073A_00005_100,SPP-BG_A_BETA_thermo5030SHARP,SPO_F-BG0073A_00005_100_100,PM10,http://dd.eionet.europa.eu/vocabulary/aq/pollutant/5,day,22.84,µg/m3,2015-10-20 00:00:00 +01:00,2015-10-21 00:00:00 +01:00,1,1
BG,BG.BG-ExEA.AQ,NET-BG001A,STA-BG0073A,BG0073A,SPO-BG0073A_00005_100,SPP-BG_A_BETA_thermo5030SHARP,SPO_F-BG0073A_00005_100_100,PM10,http://dd.eionet.europa.eu/vocabulary/aq/pollutant/5,day,29.73,µg/m3,2015-10-16 00:00:00 +01:00,2015-10-17 00:00:00 +01:00,1,1
BG,BG.BG-ExEA.AQ,NET-BG001A,STA-BG0073A,BG0073A,SPO-BG0073A_00005_100,SPP-BG_A_BETA_thermo5030SHARP,SPO_F-BG0073A_00005_100_100,PM10,http://dd.eionet.europa.eu/vocabulary/aq/pollutant/5,day,33.44,µg/m3,2015-10-17 00:00:00 +01:00,2015-10-18 00:00:00 +01:00,1,1
BG,BG.BG-ExEA.AQ,NET-BG001A,STA-BG0073A,BG0073A,SPO-BG0073A_00005_100,SPP-BG_A_BETA_thermo5030SHARP,SPO_F-BG0073A_00005_100_100,PM10,http://dd.eionet.europa.eu/vocabulary/aq/pollutant/5,day,36.54,µg/m3,2015-10-14 00:00:00 +01:00,2015-10-15 00:00:00 +01:00,1,1
BG,BG.BG-ExEA.AQ,NET-BG001A,STA-BG0073A,BG0073A,SPO-BG0073A_00005_100,SPP-BG_A_BETA_thermo5030SHARP,SPO_F-BG0073A_00005_100_100,PM10,http://dd.eionet.europa.eu/vocabulary/aq/pollutant/5,day,29.59,µg/m3,2015-10-15 00:00:00 +01:00,2015-10-16 00:00:00 +01:00,1,1
BG,BG.BG-ExEA.AQ,NET-BG001A,STA-BG0073A,BG0073A,SPO-BG0073A_00005_100,SPP-BG_A_BETA_thermo5030SHARP,SPO_F-BG0073A_00005_100_100,PM10,http://dd.eionet.europa.eu/vocabulary/aq/pollutant/5,day,21.24,µg/m3,2015-10-13 00:00:00 +01:00,2015-10-14 00:00:00 +01:00,1,1
BG,BG.BG-ExEA.AQ,NET-BG001A,STA-BG0073A,BG0073A,SPO-BG0073A_00005_100,SPP-BG_A_BETA_thermo5030SHARP,SPO_F-BG0073A_00005_100_100,PM10,http://dd.eionet.europa.eu/vocabulary/aq/pollutant/5,day,49.52,µg/m3,2015-10-25 00:00:00 +01:00,2015-10-26 00:00:00 +01:00,1,1
BG,BG.BG-ExEA.AQ,NET-BG001A,STA-BG0073A,BG0073A,SPO-BG0073A_00005_100,SPP-BG_A_BETA_thermo5030SHARP,SPO_F-BG0073A_00005_100_100,PM10,http://dd.eionet.europa.eu/vocabulary/aq/pollutant/5,day,87.83,µg/m3,2015-11-03 00:00:00 +01:00,2015-11-04 00:00:00 +01:00,1,1
BG,BG.BG-ExEA.AQ,NET-BG001A,STA-BG0073A,BG0073A,SPO-BG0073A_00005_100,SPP-BG_A_BETA_thermo5030SHARP,SPO_F-BG0073A_00005_100_100,PM10,http://dd.eionet.europa.eu/vocabulary/aq/pollutant/5,day,86.83,µg/m3,2015-11-04 00:00:00 +01:00,2015-11-05 00:00:00 +01:00,1,1
BG,BG.BG-ExEA.AQ,NET-BG001A,STA-BG0073A,BG0073A,SPO-BG0073A_00005_100,SPP-BG_A_BETA_thermo5030SHARP,SPO_F-BG0073A_00005_100_100,PM10,http://dd.eionet.europa.eu/vocabulary/aq/pollutant/5,day,84.08,µg/m3,2015-11-06 00:00:00 +01:00,2015-11-07 00:00:00 +01:00,1,1
BG,BG.BG-ExEA.AQ,NET-BG001A,STA-BG0073A,BG0073A,SPO-BG0073A_00005_100,SPP-BG_A_BETA_thermo5030SHARP,SPO_F-BG0073A_00005_100_100,PM10,http://dd.eionet.europa.eu/vocabulary/aq/pollutant/5,day,85.69,µg/m3,2015-11-05 00:00:00 +01:00,2015-11-06 00:00:00 +01:00,1,1
BG,BG.BG-ExEA.AQ,NET-BG001A,STA-BG0073A,BG0073A,SPO-BG0073A_00005_100,SPP-BG_A_BETA_thermo5030SHARP,SPO_F-BG0073A_00005_100_100,PM10,http://dd.eionet.europa.eu/vocabulary/aq/pollutant/5,day,15.42,µg/m3,2015-11-10 00:00:00 +01:00,2015-11-11 00:00:00 +01:00,1,1
BG,BG.BG-ExEA.AQ,NET-BG001A,STA-BG0073A,BG0073A,SPO-BG0073A_00005_100,SPP-BG_A_BETA_thermo5030SHARP,SPO_F-BG0073A_00005_100_100,PM10,http://dd.eionet.europa.eu/vocabulary/aq/pollutant/5,day,13.51,µg/m3,2015-11-09 00:00:00 +01:00,2015-11-10 00:00:00 +01:00,1,1
BG,BG.BG-ExEA.AQ,NET-BG001A,STA-BG0073A,BG0073A,SPO-BG0073A_00005_100,SPP-BG_A_BETA_thermo5030SHARP,SPO_F-BG0073A_00005_100_100,PM10,http://dd.eionet.europa.eu/vocabulary/aq/pollutant/5,day,80.85,µg/m3,2015-11-07 00:00:00 +01:00,2015-11-08 00:00:00 +01:00,1,1
BG,BG.BG-ExEA.AQ,NET-BG001A,STA-BG0073A,BG0073A,SPO-BG0073A_00005_100,SPP-BG_A_BETA_thermo5030SHARP,SPO_F-BG0073A_00005_100_100,PM10,http://dd.eionet.europa.eu/vocabulary/aq/pollutant/5,day,31.4,µg/m3,2015-11-16 00:00:00 +01:00,2015-11-17 00:00:00 +01:00,1,1
BG,BG.BG-ExEA.AQ,NET-BG001A,STA-BG0073A,BG0073A,SPO-BG0073A_00005_100,SPP-BG_A_BETA_thermo5030SHARP,SPO_F-BG0073A_00005_100_100,PM10,http://dd.eionet.europa.eu/vocabulary/aq/pollutant/5,day,58,µg/m3,2015-11-15 00:00:00 +01:00,2015-11-16 00:00:00 +01:00,1,1
BG,BG.BG-ExEA.AQ,NET-BG001A,STA-BG0073A,BG0073A,SPO-BG0073A_00005_100,SPP-BG_A_BETA_thermo5030SHARP,SPO_F-BG0073A_00005_100_100,PM10,http://dd.eionet.europa.eu/vocabulary/aq/pollutant/5,day,42.86,µg/m3,2015-11-14 00:00:00 +01:00,2015-11-15 00:00:00 +01:00,1,1
BG,BG.BG-ExEA.AQ,NET-BG001A,STA-BG0073A,BG0073A,SPO-BG0073A_00005_100,SPP-BG_A_BETA_thermo5030SHARP,SPO_F-BG0073A_00005_100_100,PM10,http://dd.eionet.europa.eu/vocabulary/aq/pollutant/5,day,35.75,µg/m3,2015-11-13 00:00:00 +01:00,2015-11-14 00:00:00 +01:00,1,1
BG,BG.BG-ExEA.AQ,NET-BG001A,STA-BG0073A,BG0073A,SPO-BG0073A_00005_100,SPP-BG_A_BETA_thermo5030SHARP,SPO_F-BG0073A_00005_100_100,PM10,http://dd.eionet.europa.eu/vocabulary/aq/pollutant/5,day,21,µg/m3,2015-11-12 00:00:00 +01:00,2015-11-13 00:00:00 +01:00,1,1
BG,BG.BG-ExEA.AQ,NET-BG001A,STA-BG0073A,BG0073A,SPO-BG0073A_00005_100,SPP-BG_A_BETA_thermo5030SHARP,SPO_F-BG0073A_00005_100_100,PM10,http://dd.eionet.europa.eu/vocabulary/aq/pollutant/5,day,16.89,µg/m3,2015-11-28 00:00:00 +01:00,2015-11-29 00:00:00 +01:00,1,1
BG,BG.BG-ExEA.AQ,NET-BG001A,STA-BG0073A,BG0073A,SPO-BG0073A_00005_100,SPP-BG_A_BETA_thermo5030SHARP,SPO_F-BG0073A_00005_100_100,PM10,http://dd.eionet.europa.eu/vocabulary/aq/pollutant/5,day,12.7,µg/m3,2015-11-29 00:00:00 +01:00,2015-11-30 00:00:00 +01:00,1,1
BG,BG.BG-ExEA.AQ,NET-BG001A,STA-BG0073A,BG0073A,SPO-BG0073A_00005_100,SPP-BG_A_BETA_thermo5030SHARP,SPO_F-BG0073A_00005_100_100,PM10,http://dd.eionet.europa.eu/vocabulary/aq/pollutant/5,day,15.19,µg/m3,2015-11-27 00:00:00 +01:00,2015-11-28 00:00:00 +01:00,1,1
BG,BG.BG-ExEA.AQ,NET-BG001A,STA-BG0073A,BG0073A,SPO-BG0073A_00005_100,SPP-BG_A_BETA_thermo5030SHARP,SPO_F-BG0073A_00005_100_100,PM10,http://dd.eionet.europa.eu/vocabulary/aq/pollutant/5,day,20.17,µg/m3,2015-11-21 00:00:00 +01:00,2015-11-22 00:00:00 +01:00,1,1
BG,BG.BG-ExEA.AQ,NET-BG001A,STA-BG0073A,BG0073A,SPO-BG0073A_00005_100,SPP-BG_A_BETA_thermo5030SHARP,SPO_F-BG0073A_00005_100_100,PM10,http://dd.eionet.europa.eu/vocabulary/aq/pollutant/5,day,28.46,µg/m3,2015-11-23 00:00:00 +01:00,2015-11-24 00:00:00 +01:00,1,1
BG,BG.BG-ExEA.AQ,NET-BG001A,STA-BG0073A,BG0073A,SPO-BG0073A_00005_100,SPP-BG_A_BETA_thermo5030SHARP,SPO_F-BG0073A_00005_100_100,PM10,http://dd.eionet.europa.eu/vocabulary/aq/pollutant/5,day,94.82,µg/m3,2015-12-08 00:00:00 +01:00,2015-12-09 00:00:00 +01:00,1,1
BG,BG.BG-ExEA.AQ,NET-BG001A,STA-BG0073A,BG0073A,SPO-BG0073A_00005_100,SPP-BG_A_BETA_thermo5030SHARP,SPO_F-BG0073A_00005_100_100,PM10,http://dd.eionet.europa.eu/vocabulary/aq/pollutant/5,day,146.98,µg/m3,2015-12-07 00:00:00 +01:00,2015-12-08 00:00:00 +01:00,1,1
BG,BG.BG-ExEA.AQ,NET-BG001A,STA-BG0073A,BG0073A,SPO-BG0073A_00005_100,SPP-BG_A_BETA_thermo5030SHARP,SPO_F-BG0073A_00005_100_100,PM10,http://dd.eionet.europa.eu/vocabulary/aq/pollutant/5,day,109.47,µg/m3,2015-12-06 00:00:00 +01:00,2015-12-07 00:00:00 +01:00,1,1
BG,BG.BG-ExEA.AQ,NET-BG001A,STA-BG0073A,BG0073A,SPO-BG0073A_00005_100,SPP-BG_A_BETA_thermo5030SHARP,SPO_F-BG0073A_00005_100_100,PM10,http://dd.eionet.europa.eu/vocabulary/aq/pollutant/5,day,41.23,µg/m3,2015-12-10 00:00:00 +01:00,2015-12-11 00:00:00 +01:00,1,1
BG,BG.BG-ExEA.AQ,NET-BG001A,STA-BG0073A,BG0073A,SPO-BG0073A_00005_100,SPP-BG_A_BETA_thermo5030SHARP,SPO_F-BG0073A_00005_100_100,PM10,http://dd.eionet.europa.eu/vocabulary/aq/pollutant/5,day,69.74,µg/m3,2015-12-09 00:00:00 +01:00,2015-12-10 00:00:00 +01:00,1,1
BG,BG.BG-ExEA.AQ,NET-BG001A,STA-BG0073A,BG0073A,SPO-BG0073A_00005_100,SPP-BG_A_BETA_thermo5030SHARP,SPO_F-BG0073A_00005_100_100,PM10,http://dd.eionet.europa.eu/vocabulary/aq/pollutant/5,day,9.85,µg/m3,2015-02-01 00:00:00 +01:00,2015-02-02 00:00:00 +01:00,1,1
BG,BG.BG-ExEA.AQ,NET-BG001A,STA-BG0073A,BG0073A,SPO-BG0073A_00005_100,SPP-BG_A_BETA_thermo5030SHARP,SPO_F-BG0073A_00005_100_100,PM10,http://dd.eionet.europa.eu/vocabulary/aq/pollutant/5,day,35.81,µg/m3,2015-12-12 00:00:00 +01:00,2015-12-13 00:00:00 +01:00,1,1
BG,BG.BG-ExEA.AQ,NET-BG001A,STA-BG0073A,BG0073A,SPO-BG0073A_00005_100,SPP-BG_A_BETA_thermo5030SHARP,SPO_F-BG0073A_00005_100_100,PM10,http://dd.eionet.europa.eu/vocabulary/aq/pollutant/5,day,19.12,µg/m3,2015-02-08 00:00:00 +01:00,2015-02-09 00:00:00 +01:00,1,1
BG,BG.BG-ExEA.AQ,NET-BG001A,STA-BG0073A,BG0073A,SPO-BG0073A_00005_100,SPP-BG_A_BETA_thermo5030SHARP,SPO_F-BG0073A_00005_100_100,PM10,http://dd.eionet.europa.eu/vocabulary/aq/pollutant/5,day,18.73,µg/m3,2015-02-07 00:00:00 +01:00,2015-02-08 00:00:00 +01:00,1,1
BG,BG.BG-ExEA.AQ,NET-BG001A,STA-BG0073A,BG0073A,SPO-BG0073A_00005_100,SPP-BG_A_BETA_thermo5030SHARP,SPO_F-BG0073A_00005_100_100,PM10,http://dd.eionet.europa.eu/vocabulary/aq/pollutant/5,day,36.83,µg/m3,2015-12-11 00:00:00 +01:00,2015-12-12 00:00:00 +01:00,1,1
BG,BG.BG-ExEA.AQ,NET-BG001A,STA-BG0073A,BG0073A,SPO-BG0073A_00005_100,SPP-BG_A_BETA_thermo5030SHARP,SPO_F-BG0073A_00005_100_100,PM10,http://dd.eionet.europa.eu/vocabulary/aq/pollutant/5,day,37.05,µg/m3,2015-12-03 00:00:00 +01:00,2015-12-04 00:00:00 +01:00,1,1
BG,BG.BG-ExEA.AQ,NET-BG001A,STA-BG0073A,BG0073A,SPO-BG0073A_00005_100,SPP-BG_A_BETA_thermo5030SHARP,SPO_F-BG0073A_00005_100_100,PM10,http://dd.eionet.europa.eu/vocabulary/aq/pollutant/5,day,18.61,µg/m3,2015-01-10 00:00:00 +01:00,2015-01-11 00:00:00 +01:00,1,1
BG,BG.BG-ExEA.AQ,NET-BG001A,STA-BG0073A,BG0073A,SPO-BG0073A_00005_100,SPP-BG_A_BETA_thermo5030SHARP,SPO_F-BG0073A_00005_100_100,PM10,http://dd.eionet.europa.eu/vocabulary/aq/pollutant/5,day,79.91,µg/m3,2015-01-15 00:00:00 +01:00,2015-01-16 00:00:00 +01:00,1,1
BG,BG.BG-ExEA.AQ,NET-BG001A,STA-BG0073A,BG0073A,SPO-BG0073A_00005_100,SPP-BG_A_BETA_thermo5030SHARP,SPO_F-BG0073A_00005_100_100,PM10,http://dd.eionet.europa.eu/vocabulary/aq/pollutant/5,day,80.61,µg/m3,2015-12-04 00:00:00 +01:00,2015-12-05 00:00:00 +01:00,1,1
BG,BG.BG-ExEA.AQ,NET-BG001A,STA-BG0073A,BG0073A,SPO-BG0073A_00005_100,SPP-BG_A_BETA_thermo5030SHARP,SPO_F-BG0073A_00005_100_100,PM10,http://dd.eionet.europa.eu/vocabulary/aq/pollutant/5,day,144.52,µg/m3,2015-01-17 00:00:00 +01:00,2015-01-18 00:00:00 +01:00,1,1
BG,BG.BG-ExEA.AQ,NET-BG001A,STA-BG0073A,BG0073A,SPO-BG0073A_00005_100,SPP-BG_A_BETA_thermo5030SHARP,SPO_F-BG0073A_00005_100_100,PM10,http://dd.eionet.europa.eu/vocabulary/aq/pollutant/5,day,58.77,µg/m3,2015-12-05 00:00:00 +01:00,2015-12-06 00:00:00 +01:00,1,1
BG,BG.BG-ExEA.AQ,NET-BG001A,STA-BG0073A,BG0073A,SPO-BG0073A_00005_100,SPP-BG_A_BETA_thermo5030SHARP,SPO_F-BG0073A_00005_100_100,PM10,http://dd.eionet.europa.eu/vocabulary/aq/pollutant/5,day,31.47,µg/m3,2015-12-01 00:00:00 +01:00,2015-12-02 00:00:00 +01:00,1,1
BG,BG.BG-ExEA.AQ,NET-BG001A,STA-BG0073A,BG0073A,SPO-BG0073A_00005_100,SPP-BG_A_BETA_thermo5030SHARP,SPO_F-BG0073A_00005_100_100,PM10,http://dd.eionet.europa.eu/vocabulary/aq/pollutant/5,day,11.22,µg/m3,2015-12-02 00:00:00 +01:00,2015-12-03 00:00:00 +01:00,1,1
BG,BG.BG-ExEA.AQ,NET-BG001A,STA-BG0073A,BG0073A,SPO-BG0073A_00005_100,SPP-BG_A_BETA_thermo5030SHARP,SPO_F-BG0073A_00005_100_100,PM10,http://dd.eionet.europa.eu/vocabulary/aq/pollutant/5,day,27.04,µg/m3,2015-11-30 00:00:00 +01:00,2015-12-01 00:00:00 +01:00,1,1
BG,BG.BG-ExEA.AQ,NET-BG001A,STA-BG0073A,BG0073A,SPO-BG0073A_00005_100,SPP-BG_A_BETA_thermo5030SHARP,SPO_F-BG0073A_00005_100_100,PM10,http://dd.eionet.europa.eu/vocabulary/aq/pollutant/5,day,138.78,µg/m3,2015-02-14 00:00:00 +01:00,2015-02-15 00:00:00 +01:00,1,1
BG,BG.BG-ExEA.AQ,NET-BG001A,STA-BG0073A,BG0073A,SPO-BG0073A_00005_100,SPP-BG_A_BETA_thermo5030SHARP,SPO_F-BG0073A_00005_100_100,PM10,http://dd.eionet.europa.eu/vocabulary/aq/pollutant/5,day,98.01,µg/m3,2015-12-15 00:00:00 +01:00,2015-12-16 00:00:00 +01:00,1,1
BG,BG.BG-ExEA.AQ,NET-BG001A,STA-BG0073A,BG0073A,SPO-BG0073A_00005_100,SPP-BG_A_BETA_thermo5030SHARP,SPO_F-BG0073A_00005_100_100,PM10,http://dd.eionet.europa.eu/vocabulary/aq/pollutant/5,day,74.13,µg/m3,2015-12-16 00:00:00 +01:00,2015-12-17 00:00:00 +01:00,1,1
BG,BG.BG-ExEA.AQ,NET-BG001A,STA-BG0073A,BG0073A,SPO-BG0073A_00005_100,SPP-BG_A_BETA_thermo5030SHARP,SPO_F-BG0073A_00005_100_100,PM10,http://dd.eionet.europa.eu/vocabulary/aq/pollutant/5,day,65.29,µg/m3,2015-02-16 00:00:00 +01:00,2015-02-17 00:00:00 +01:00,1,1
BG,BG.BG-ExEA.AQ,NET-BG001A,STA-BG0073A,BG0073A,SPO-BG0073A_00005_100,SPP-BG_A_BETA_thermo5030SHARP,SPO_F-BG0073A_00005_100_100,PM10,http://dd.eionet.europa.eu/vocabulary/aq/pollutant/5,day,82.16,µg/m3,2015-12-14 00:00:00 +01:00,2015-12-15 00:00:00 +01:00,1,1
BG,BG.BG-ExEA.AQ,NET-BG001A,STA-BG0073A,BG0073A,SPO-BG0073A_00005_100,SPP-BG_A_BETA_thermo5030SHARP,SPO_F-BG0073A_00005_100_100,PM10,http://dd.eionet.europa.eu/vocabulary/aq/pollutant/5,day,44.08,µg/m3,2015-02-10 00:00:00 +01:00,2015-02-11 00:00:00 +01:00,1,1
BG,BG.BG-ExEA.AQ,NET-BG001A,STA-BG0073A,BG0073A,SPO-BG0073A_00005_100,SPP-BG_A_BETA_thermo5030SHARP,SPO_F-BG0073A_00005_100_100,PM10,http://dd.eionet.europa.eu/vocabulary/aq/pollutant/5,day,101.49,µg/m3,2015-02-22 00:00:00 +01:00,2015-02-23 00:00:00 +01:00,1,1
BG,BG.BG-ExEA.AQ,NET-BG001A,STA-BG0073A,BG0073A,SPO-BG0073A_00005_100,SPP-BG_A_BETA_thermo5030SHARP,SPO_F-BG0073A_00005_100_100,PM10,http://dd.eionet.europa.eu/vocabulary/aq/pollutant/5,day,32.51,µg/m3,2015-12-17 00:00:00 +01:00,2015-12-18 00:00:00 +01:00,1,1
BG,BG.BG-ExEA.AQ,NET-BG001A,STA-BG0073A,BG0073A,SPO-BG0073A_00005_100,SPP-BG_A_BETA_thermo5030SHARP,SPO_F-BG0073A_00005_100_100,PM10,http://dd.eionet.europa.eu/vocabulary/aq/pollutant/5,day,100.58,µg/m3,2015-12-25 00:00:00 +01:00,2015-12-26 00:00:00 +01:00,1,1
BG,BG.BG-ExEA.AQ,NET-BG001A,STA-BG0073A,BG0073A,SPO-BG0073A_00005_100,SPP-BG_A_BETA_thermo5030SHARP,SPO_F-BG0073A_00005_100_100,PM10,http://dd.eionet.europa.eu/vocabulary/aq/pollutant/5,day,39.2,µg/m3,2015-03-14 00:00:00 +01:00,2015-03-15 00:00:00 +01:00,1,1
BG,BG.BG-ExEA.AQ,NET-BG001A,STA-BG0073A,BG0073A,SPO-BG0073A_00005_100,SPP-BG_A_BETA_thermo5030SHARP,SPO_F-BG0073A_00005_100_100,PM10,http://dd.eionet.europa.eu/vocabulary/aq/pollutant/5,day,25.55,µg/m3,2015-03-13 00:00:00 +01:00,2015-03-14 00:00:00 +01:00,1,1
BG,BG.BG-ExEA.AQ,NET-BG001A,STA-BG0073A,BG0073A,SPO-BG0073A_00005_100,SPP-BG_A_BETA_thermo5030SHARP,SPO_F-BG0073A_00005_100_100,PM10,http://dd.eionet.europa.eu/vocabulary/aq/pollutant/5,day,54.07,µg/m3,2015-03-01 00:00:00 +01:00,2015-03-02 00:00:00 +01:00,1,1
BG,BG.BG-ExEA.AQ,NET-BG001A,STA-BG0073A,BG0073A,SPO-BG0073A_00005_100,SPP-BG_A_BETA_thermo5030SHARP,SPO_F-BG0073A_00005_100_100,PM10,http://dd.eionet.europa.eu/vocabulary/aq/pollutant/5,day,57.83,µg/m3,2015-03-22 00:00:00 +01:00,2015-03-23 00:00:00 +01:00,1,1
BG,BG.BG-ExEA.AQ,NET-BG001A,STA-BG0073A,BG0073A,SPO-BG0073A_00005_100,SPP-BG_A_BETA_thermo5030SHARP,SPO_F-BG0073A_00005_100_100,PM10,http://dd.eionet.europa.eu/vocabulary/aq/pollutant/5,day,25.71,µg/m3,2015-04-17 00:00:00 +01:00,2015-04-18 00:00:00 +01:00,1,1
BG,BG.BG-ExEA.AQ,NET-BG001A,STA-BG0073A,BG0073A,SPO-BG0073A_00005_100,SPP-BG_A_BETA_thermo5030SHARP,SPO_F-BG0073A_00005_100_100,PM10,http://dd.eionet.europa.eu/vocabulary/aq/pollutant/5,day,47.45,µg/m3,2015-03-23 00:00:00 +01:00,2015-03-24 00:00:00 +01:00,1,1
BG,BG.BG-ExEA.AQ,NET-BG001A,STA-BG0073A,BG0073A,SPO-BG0073A_00005_100,SPP-BG_A_BETA_thermo5030SHARP,SPO_F-BG0073A_00005_100_100,PM10,http://dd.eionet.europa.eu/vocabulary/aq/pollutant/5,day,6.55,µg/m3,2015-03-28 00:00:00 +01:00,2015-03-29 00:00:00 +01:00,1,1
BG,BG.BG-ExEA.AQ,NET-BG001A,STA-BG0073A,BG0073A,SPO-BG0073A_00005_100,SPP-BG_A_BETA_thermo5030SHARP,SPO_F-BG0073A_00005_100_100,PM10,http://dd.eionet.europa.eu/vocabulary/aq/pollutant/5,day,20.54,µg/m3,2015-12-30 00:00:00 +01:00,2015-12-31 00:00:00 +01:00,1,1
BG,BG.BG-ExEA.AQ,NET-BG001A,STA-BG0073A,BG0073A,SPO-BG0073A_00005_100,SPP-BG_A_BETA_thermo5030SHARP,SPO_F-BG0073A_00005_100_100,PM10,http://dd.eionet.europa.eu/vocabulary/aq/pollutant/5,hour,83.23,µg/m3,2015-12-31 23:00:00 +01:00,2016-01-01 00:00:00 +01:00,1,1
BG,BG.BG-ExEA.AQ,NET-BG001A,STA-BG0073A,BG0073A,SPO-BG0073A_00005_100,SPP-BG_A_BETA_thermo5030SHARP,SPO_F-BG0073A_00005_100_100,PM10,http://dd.eionet.europa.eu/vocabulary/aq/pollutant/5,day,80.89,µg/m3,2015-01-19 00:00:00 +01:00,2015-01-20 00:00:00 +01:00,1,1
BG,BG.BG-ExEA.AQ,NET-BG001A,STA-BG0073A,BG0073A,SPO-BG0073A_00005_100,SPP-BG_A_BETA_thermo5030SHARP,SPO_F-BG0073A_00005_100_100,PM10,http://dd.eionet.europa.eu/vocabulary/aq/pollutant/5,day,100.25,µg/m3,2015-01-20 00:00:00 +01:00,2015-01-21 00:00:00 +01:00,1,1
BG,BG.BG-ExEA.AQ,NET-BG001A,STA-BG0073A,BG0073A,SPO-BG0073A_00005_100,SPP-BG_A_BETA_thermo5030SHARP,SPO_F-BG0073A_00005_100_100,PM10,http://dd.eionet.europa.eu/vocabulary/aq/pollutant/5,day,98.5,µg/m3,2015-01-21 00:00:00 +01:00,2015-01-22 00:00:00 +01:00,1,1
BG,BG.BG-ExEA.AQ,NET-BG001A,STA-BG0073A,BG0073A,SPO-BG0073A_00005_100,SPP-BG_A_BETA_thermo5030SHARP,SPO_F-BG0073A_00005_100_100,PM10,http://dd.eionet.europa.eu/vocabulary/aq/pollutant/5,day,21.86,µg/m3,2015-06-02 00:00:00 +01:00,2015-06-03 00:00:00 +01:00,1,1
BG,BG.BG-ExEA.AQ,NET-BG001A,STA-BG0073A,BG0073A,SPO-BG0073A_00005_100,SPP-BG_A_BETA_thermo5030SHARP,SPO_F-BG0073A_00005_100_100,PM10,http://dd.eionet.europa.eu/vocabulary/aq/pollutant/5,day,18.27,µg/m3,2015-05-11 00:00:00 +01:00,2015-05-12 00:00:00 +01:00,1,1
BG,BG.BG-ExEA.AQ,NET-BG001A,STA-BG0073A,BG0073A,SPO-BG0073A_00005_100,SPP-BG_A_BETA_thermo5030SHARP,SPO_F-BG0073A_00005_100_100,PM10,http://dd.eionet.europa.eu/vocabulary/aq/pollutant/5,day,23.91,µg/m3,2015-05-13 00:00:00 +01:00,2015-05-14 00:00:00 +01:00,1,1
BG,BG.BG-ExEA.AQ,NET-BG001A,STA-BG0073A,BG0073A,SPO-BG0073A_00005_100,SPP-BG_A_BETA_thermo5030SHARP,SPO_F-BG0073A_00005_100_100,PM10,http://dd.eionet.europa.eu/vocabulary/aq/pollutant/5,day,44.47,µg/m3,2015-02-18 00:00:00 +01:00,2015-02-19 00:00:00 +01:00,1,1
BG,BG.BG-ExEA.AQ,NET-BG001A,STA-BG0073A,BG0073A,SPO-BG0073A_00005_100,SPP-BG_A_BETA_thermo5030SHARP,SPO_F-BG0073A_00005_100_100,PM10,http://dd.eionet.europa.eu/vocabulary/aq/pollutant/5,day,15.81,µg/m3,2015-03-08 00:00:00 +01:00,2015-03-09 00:00:00 +01:00,1,1
BG,BG.BG-ExEA.AQ,NET-BG001A,STA-BG0073A,BG0073A,SPO-BG0073A_00005_100,SPP-BG_A_BETA_thermo5030SHARP,SPO_F-BG0073A_00005_100_100,PM10,http://dd.eionet.europa.eu/vocabulary/aq/pollutant/5,day,9.14,µg/m3,2015-03-03 00:00:00 +01:00,2015-03-04 00:00:00 +01:00,1,1
BG,BG.BG-ExEA.AQ,NET-BG001A,STA-BG0073A,BG0073A,SPO-BG0073A_00005_100,SPP-BG_A_BETA_thermo5030SHARP,SPO_F-BG0073A_00005_100_100,PM10,http://dd.eionet.europa.eu/vocabulary/aq/pollutant/5,day,17.28,µg/m3,2015-04-07 00:00:00 +01:00,2015-04-08 00:00:00 +01:00,1,1
BG,BG.BG-ExEA.AQ,NET-BG001A,STA-BG0073A,BG0073A,SPO-BG0073A_00005_100,SPP-BG_A_BETA_thermo5030SHARP,SPO_F-BG0073A_00005_100_100,PM10,http://dd.eionet.europa.eu/vocabulary/aq/pollutant/5,day,29.75,µg/m3,2015-04-05 00:00:00 +01:00,2015-04-06 00:00:00 +01:00,1,1
BG,BG.BG-ExEA.AQ,NET-BG001A,STA-BG0073A,BG0073A,SPO-BG0073A_00005_100,SPP-BG_A_BETA_thermo5030SHARP,SPO_F-BG0073A_00005_100_100,PM10,http://dd.eionet.europa.eu/vocabulary/aq/pollutant/5,day,13.36,µg/m3,2015-04-01 00:00:00 +01:00,2015-04-02 00:00:00 +01:00,1,1
BG,BG.BG-ExEA.AQ,NET-BG001A,STA-BG0073A,BG0073A,SPO-BG0073A_00005_100,SPP-BG_A_BETA_thermo5030SHARP,SPO_F-BG0073A_00005_100_100,PM10,http://dd.eionet.europa.eu/vocabulary/aq/pollutant/5,day,9.25,µg/m3,2015-08-21 00:00:00 +01:00,2015-08-22 00:00:00 +01:00,1,1
BG,BG.BG-ExEA.AQ,NET-BG001A,STA-BG0073A,BG0073A,SPO-BG0073A_00005_100,SPP-BG_A_BETA_thermo5030SHARP,SPO_F-BG0073A_00005_100_100,PM10,http://dd.eionet.europa.eu/vocabulary/aq/pollutant/5,day,27.17,µg/m3,2015-08-20 00:00:00 +01:00,2015-08-21 00:00:00 +01:00,1,1
BG,BG.BG-ExEA.AQ,NET-BG001A,STA-BG0073A,BG0073A,SPO-BG0073A_00005_100,SPP-BG_A_BETA_thermo5030SHARP,SPO_F-BG0073A_00005_100_100,PM10,http://dd.eionet.europa.eu/vocabulary/aq/pollutant/5,day,32.08,µg/m3,2015-08-08 00:00:00 +01:00,2015-08-09 00:00:00 +01:00,1,1
BG,BG.BG-ExEA.AQ,NET-BG001A,STA-BG0073A,BG0073A,SPO-BG0073A_00005_100,SPP-BG_A_BETA_thermo5030SHARP,SPO_F-BG0073A_00005_100_100,PM10,http://dd.eionet.europa.eu/vocabulary/aq/pollutant/5,day,28.2,µg/m3,2015-03-27 00:00:00 +01:00,2015-03-28 00:00:00 +01:00,1,1
BG,BG.BG-ExEA.AQ,NET-BG001A,STA-BG0073A,BG0073A,SPO-BG0073A_00005_100,SPP-BG_A_BETA_thermo5030SHARP,SPO_F-BG0073A_00005_100_100,PM10,http://dd.eionet.europa.eu/vocabulary/aq/pollutant/5,day,21.87,µg/m3,2015-07-24 00:00:00 +01:00,2015-07-25 00:00:00 +01:00,1,1
BG,BG.BG-ExEA.AQ,NET-BG001A,STA-BG0073A,BG0073A,SPO-BG0073A_00005_100,SPP-BG_A_BETA_thermo5030SHARP,SPO_F-BG0073A_00005_100_100,PM10,http://dd.eionet.europa.eu/vocabulary/aq/pollutant/5,day,33.42,µg/m3,2015-07-27 00:00:00 +01:00,2015-07-28 00:00:00 +01:00,1,1
BG,BG.BG-ExEA.AQ,NET-BG001A,STA-BG0073A,BG0073A,SPO-BG0073A_00005_100,SPP-BG_A_BETA_thermo5030SHARP,SPO_F-BG0073A_00005_100_100,PM10,http://dd.eionet.europa.eu/vocabulary/aq/pollutant/5,day,20.82,µg/m3,2015-07-23 00:00:00 +01:00,2015-07-24 00:00:00 +01:00,1,1
BG,BG.BG-ExEA.AQ,NET-BG001A,STA-BG0073A,BG0073A,SPO-BG0073A_00005_100,SPP-BG_A_BETA_thermo5030SHARP,SPO_F-BG0073A_00005_100_100,PM10,http://dd.eionet.europa.eu/vocabulary/aq/pollutant/5,day,22.6,µg/m3,2015-07-28 00:00:00 +01:00,2015-07-29 00:00:00 +01:00,1,1
BG,BG.BG-ExEA.AQ,NET-BG001A,STA-BG0073A,BG0073A,SPO-BG0073A_00005_100,SPP-BG_A_BETA_thermo5030SHARP,SPO_F-BG0073A_00005_100_100,PM10,http://dd.eionet.europa.eu/vocabulary/aq/pollutant/5,day,48.86,µg/m3,2015-03-26 00:00:00 +01:00,2015-03-27 00:00:00 +01:00,1,1
BG,BG.BG-ExEA.AQ,NET-BG001A,STA-BG0073A,BG0073A,SPO-BG0073A_00005_100,SPP-BG_A_BETA_thermo5030SHARP,SPO_F-BG0073A_00005_100_100,PM10,http://dd.eionet.europa.eu/vocabulary/aq/pollutant/5,day,33.23,µg/m3,2015-04-23 00:00:00 +01:00,2015-04-24 00:00:00 +01:00,1,1
BG,BG.BG-ExEA.AQ,NET-BG001A,STA-BG0073A,BG0073A,SPO-BG0073A_00005_100,SPP-BG_A_BETA_thermo5030SHARP,SPO_F-BG0073A_00005_100_100,PM10,http://dd.eionet.europa.eu/vocabulary/aq/pollutant/5,day,48.02,µg/m3,2015-09-24 00:00:00 +01:00,2015-09-25 00:00:00 +01:00,1,1
BG,BG.BG-ExEA.AQ,NET-BG001A,STA-BG0073A,BG0073A,SPO-BG0073A_00005_100,SPP-BG_A_BETA_thermo5030SHARP,SPO_F-BG0073A_00005_100_100,PM10,http://dd.eionet.europa.eu/vocabulary/aq/pollutant/5,day,26.28,µg/m3,2015-04-26 00:00:00 +01:00,2015-04-27 00:00:00 +01:00,1,1
BG,BG.BG-ExEA.AQ,NET-BG001A,STA-BG0073A,BG0073A,SPO-BG0073A_00005_100,SPP-BG_A_BETA_thermo5030SHARP,SPO_F-BG0073A_00005_100_100,PM10,http://dd.eionet.europa.eu/vocabulary/aq/pollutant/5,day,21.27,µg/m3,2015-09-21 00:00:00 +01:00,2015-09-22 00:00:00 +01:00,1,1
BG,BG.BG-ExEA.AQ,NET-BG001A,STA-BG0073A,BG0073A,SPO-BG0073A_00005_100,SPP-BG_A_BETA_thermo5030SHARP,SPO_F-BG0073A_00005_100_100,PM10,http://dd.eionet.europa.eu/vocabulary/aq/pollutant/5,day,13.35,µg/m3,2015-09-26 00:00:00 +01:00,2015-09-27 00:00:00 +01:00,1,1
BG,BG.BG-ExEA.AQ,NET-BG001A,STA-BG0073A,BG0073A,SPO-BG0073A_00005_100,SPP-BG_A_BETA_thermo5030SHARP,SPO_F-BG0073A_00005_100_100,PM10,http://dd.eionet.europa.eu/vocabulary/aq/pollutant/5,day,42.53,µg/m3,2015-09-25 00:00:00 +01:00,2015-09-26 00:00:00 +01:00,1,1
BG,BG.BG-ExEA.AQ,NET-BG001A,STA-BG0073A,BG0073A,SPO-BG0073A_00005_100,SPP-BG_A_BETA_thermo5030SHARP,SPO_F-BG0073A_00005_100_100,PM10,http://dd.eionet.europa.eu/vocabulary/aq/pollutant/5,day,34.72,µg/m3,2015-05-15 00:00:00 +01:00,2015-05-16 00:00:00 +01:00,1,1
BG,BG.BG-ExEA.AQ,NET-BG001A,STA-BG0073A,BG0073A,SPO-BG0073A_00005_100,SPP-BG_A_BETA_thermo5030SHARP,SPO_F-BG0073A_00005_100_100,PM10,http://dd.eionet.europa.eu/vocabulary/aq/pollutant/5,day,45.03,µg/m3,2015-05-17 00:00:00 +01:00,2015-05-18 00:00:00 +01:00,1,1
BG,BG.BG-ExEA.AQ,NET-BG001A,STA-BG0073A,BG0073A,SPO-BG0073A_00005_100,SPP-BG_A_BETA_thermo5030SHARP,SPO_F-BG0073A_00005_100_100,PM10,http://dd.eionet.europa.eu/vocabulary/aq/pollutant/5,day,46.34,µg/m3,2015-05-16 00:00:00 +01:00,2015-05-17 00:00:00 +01:00,1,1
BG,BG.BG-ExEA.AQ,NET-BG001A,STA-BG0073A,BG0073A,SPO-BG0073A_00005_100,SPP-BG_A_BETA_thermo5030SHARP,SPO_F-BG0073A_00005_100_100,PM10,http://dd.eionet.europa.eu/vocabulary/aq/pollutant/5,day,16.48,µg/m3,2015-10-23 00:00:00 +01:00,2015-10-24 00:00:00 +01:00,1,1
BG,BG.BG-ExEA.AQ,NET-BG001A,STA-BG0073A,BG0073A,SPO-BG0073A_00005_100,SPP-BG_A_BETA_thermo5030SHARP,SPO_F-BG0073A_00005_100_100,PM10,http://dd.eionet.europa.eu/vocabulary/aq/pollutant/5,day,35.54,µg/m3,2015-10-19 00:00:00 +01:00,2015-10-20 00:00:00 +01:00,1,1
BG,BG.BG-ExEA.AQ,NET-BG001A,STA-BG0073A,BG0073A,SPO-BG0073A_00005_100,SPP-BG_A_BETA_thermo5030SHARP,SPO_F-BG0073A_00005_100_100,PM10,http://dd.eionet.europa.eu/vocabulary/aq/pollutant/5,day,17.08,µg/m3,2015-10-22 00:00:00 +01:00,2015-10-23 00:00:00 +01:00,1,1
BG,BG.BG-ExEA.AQ,NET-BG001A,STA-BG0073A,BG0073A,SPO-BG0073A_00005_100,SPP-BG_A_BETA_thermo5030SHARP,SPO_F-BG0073A_00005_100_100,PM10,http://dd.eionet.europa.eu/vocabulary/aq/pollutant/5,day,31.9,µg/m3,2015-06-04 00:00:00 +01:00,2015-06-05 00:00:00 +01:00,1,1
BG,BG.BG-ExEA.AQ,NET-BG001A,STA-BG0073A,BG0073A,SPO-BG0073A_00005_100,SPP-BG_A_BETA_thermo5030SHARP,SPO_F-BG0073A_00005_100_100,PM10,http://dd.eionet.europa.eu/vocabulary/aq/pollutant/5,day,18.79,µg/m3,2015-10-21 00:00:00 +01:00,2015-10-22 00:00:00 +01:00,1,1
BG,BG.BG-ExEA.AQ,NET-BG001A,STA-BG0073A,BG0073A,SPO-BG0073A_00005_100,SPP-BG_A_BETA_thermo5030SHARP,SPO_F-BG0073A_00005_100_100,PM10,http://dd.eionet.europa.eu/vocabulary/aq/pollutant/5,day,11.37,µg/m3,2015-11-26 00:00:00 +01:00,2015-11-27 00:00:00 +01:00,1,1
BG,BG.BG-ExEA.AQ,NET-BG001A,STA-BG0073A,BG0073A,SPO-BG0073A_00005_100,SPP-BG_A_BETA_thermo5030SHARP,SPO_F-BG0073A_00005_100_100,PM10,http://dd.eionet.europa.eu/vocabulary/aq/pollutant/5,day,36.71,µg/m3,2015-07-07 00:00:00 +01:00,2015-07-08 00:00:00 +01:00,1,1
BG,BG.BG-ExEA.AQ,NET-BG001A,STA-BG0073A,BG0073A,SPO-BG0073A_00005_100,SPP-BG_A_BETA_thermo5030SHARP,SPO_F-BG0073A_00005_100_100,PM10,http://dd.eionet.europa.eu/vocabulary/aq/pollutant/5,day,17.56,µg/m3,2015-11-22 00:00:00 +01:00,2015-11-23 00:00:00 +01:00,1,1
BG,BG.BG-ExEA.AQ,NET-BG001A,STA-BG0073A,BG0073A,SPO-BG0073A_00005_100,SPP-BG_A_BETA_thermo5030SHARP,SPO_F-BG0073A_00005_100_100,PM10,http://dd.eionet.europa.eu/vocabulary/aq/pollutant/5,day,31.77,µg/m3,2015-07-06 00:00:00 +01:00,2015-07-07 00:00:00 +01:00,1,1
BG,BG.BG-ExEA.AQ,NET-BG001A,STA-BG0073A,BG0073A,SPO-BG0073A_00005_100,SPP-BG_A_BETA_thermo5030SHARP,SPO_F-BG0073A_00005_100_100,PM10,http://dd.eionet.europa.eu/vocabulary/aq/pollutant/5,day,54.74,µg/m3,2015-11-19 00:00:00 +01:00,2015-11-20 00:00:00 +01:00,1,1
BG,BG.BG-ExEA.AQ,NET-BG001A,STA-BG0073A,BG0073A,SPO-BG0073A_00005_100,SPP-BG_A_BETA_thermo5030SHARP,SPO_F-BG0073A_00005_100_100,PM10,http://dd.eionet.europa.eu/vocabulary/aq/pollutant/5,day,62.01,µg/m3,2015-11-20 00:00:00 +01:00,2015-11-21 00:00:00 +01:00,1,1
BG,BG.BG-ExEA.AQ,NET-BG001A,STA-BG0073A,BG0073A,SPO-BG0073A_00005_100,SPP-BG_A_BETA_thermo5030SHARP,SPO_F-BG0073A_00005_100_100,PM10,http://dd.eionet.europa.eu/vocabulary/aq/pollutant/5,day,14.38,µg/m3,2015-06-21 00:00:00 +01:00,2015-06-22 00:00:00 +01:00,1,1
BG,BG.BG-ExEA.AQ,NET-BG001A,STA-BG0073A,BG0073A,SPO-BG0073A_00005_100,SPP-BG_A_BETA_thermo5030SHARP,SPO_F-BG0073A_00005_100_100,PM10,http://dd.eionet.europa.eu/vocabulary/aq/pollutant/5,day,49.88,µg/m3,2015-11-08 00:00:00 +01:00,2015-11-09 00:00:00 +01:00,1,1
BG,BG.BG-ExEA.AQ,NET-BG001A,STA-BG0073A,BG0073A,SPO-BG0073A_00005_100,SPP-BG_A_BETA_thermo5030SHARP,SPO_F-BG0073A_00005_100_100,PM10,http://dd.eionet.europa.eu/vocabulary/aq/pollutant/5,day,88.96,µg/m3,2015-11-18 00:00:00 +01:00,2015-11-19 00:00:00 +01:00,1,1
BG,BG.BG-ExEA.AQ,NET-BG001A,STA-BG0073A,BG0073A,SPO-BG0073A_00005_100,SPP-BG_A_BETA_thermo5030SHARP,SPO_F-BG0073A_00005_100_100,PM10,http://dd.eionet.europa.eu/vocabulary/aq/pollutant/5,day,65.65,µg/m3,2015-11-17 00:00:00 +01:00,2015-11-18 00:00:00 +01:00,1,1
BG,BG.BG-ExEA.AQ,NET-BG001A,STA-BG0073A,BG0073A,SPO-BG0073A_00005_100,SPP-BG_A_BETA_thermo5030SHARP,SPO_F-BG0073A_00005_100_100,PM10,http://dd.eionet.europa.eu/vocabulary/aq/pollutant/5,day,19.35,µg/m3,2015-07-04 00:00:00 +01:00,2015-07-05 00:00:00 +01:00,1,1
BG,BG.BG-ExEA.AQ,NET-BG001A,STA-BG0073A,BG0073A,SPO-BG0073A_00005_100,SPP-BG_A_BETA_thermo5030SHARP,SPO_F-BG0073A_00005_100_100,PM10,http://dd.eionet.europa.eu/vocabulary/aq/pollutant/5,day,18.82,µg/m3,2015-06-30 00:00:00 +01:00,2015-07-01 00:00:00 +01:00,1,1
BG,BG.BG-ExEA.AQ,NET-BG001A,STA-BG0073A,BG0073A,SPO-BG0073A_00005_100,SPP-BG_A_BETA_thermo5030SHARP,SPO_F-BG0073A_00005_100_100,PM10,http://dd.eionet.europa.eu/vocabulary/aq/pollutant/5,day,36.29,µg/m3,2015-07-29 00:00:00 +01:00,2015-07-30 00:00:00 +01:00,1,1
BG,BG.BG-ExEA.AQ,NET-BG001A,STA-BG0073A,BG0073A,SPO-BG0073A_00005_100,SPP-BG_A_BETA_thermo5030SHARP,SPO_F-BG0073A_00005_100_100,PM10,http://dd.eionet.europa.eu/vocabulary/aq/pollutant/5,day,22.95,µg/m3,2015-08-01 00:00:00 +01:00,2015-08-02 00:00:00 +01:00,1,1
BG,BG.BG-ExEA.AQ,NET-BG001A,STA-BG0073A,BG0073A,SPO-BG0073A_00005_100,SPP-BG_A_BETA_thermo5030SHARP,SPO_F-BG0073A_00005_100_100,PM10,http://dd.eionet.europa.eu/vocabulary/aq/pollutant/5,day,44.52,µg/m3,2015-07-30 00:00:00 +01:00,2015-07-31 00:00:00 +01:00,1,1
BG,BG.BG-ExEA.AQ,NET-BG001A,STA-BG0073A,BG0073A,SPO-BG0073A_00005_100,SPP-BG_A_BETA_thermo5030SHARP,SPO_F-BG0073A_00005_100_100,PM10,http://dd.eionet.europa.eu/vocabulary/aq/pollutant/5,day,30.2,µg/m3,2015-07-31 00:00:00 +01:00,2015-08-01 00:00:00 +01:00,1,1
BG,BG.BG-ExEA.AQ,NET-BG001A,STA-BG0073A,BG0073A,SPO-BG0073A_00005_100,SPP-BG_A_BETA_thermo5030SHARP,SPO_F-BG0073A_00005_100_100,PM10,http://dd.eionet.europa.eu/vocabulary/aq/pollutant/5,day,34.69,µg/m3,2015-08-05 00:00:00 +01:00,2015-08-06 00:00:00 +01:00,1,1
BG,BG.BG-ExEA.AQ,NET-BG001A,STA-BG0073A,BG0073A,SPO-BG0073A_00005_100,SPP-BG_A_BETA_thermo5030SHARP,SPO_F-BG0073A_00005_100_100,PM10,http://dd.eionet.europa.eu/vocabulary/aq/pollutant/5,day,33.71,µg/m3,2015-08-06 00:00:00 +01:00,2015-08-07 00:00:00 +01:00,1,1
BG,BG.BG-ExEA.AQ,NET-BG001A,STA-BG0073A,BG0073A,SPO-BG0073A_00005_100,SPP-BG_A_BETA_thermo5030SHARP,SPO_F-BG0073A_00005_100_100,PM10,http://dd.eionet.europa.eu/vocabulary/aq/pollutant/5,day,24.75,µg/m3,2015-08-04 00:00:00 +01:00,2015-08-05 00:00:00 +01:00,1,1
BG,BG.BG-ExEA.AQ,NET-BG001A,STA-BG0073A,BG0073A,SPO-BG0073A_00005_100,SPP-BG_A_BETA_thermo5030SHARP,SPO_F-BG0073A_00005_100_100,PM10,http://dd.eionet.europa.eu/vocabulary/aq/pollutant/5,day,23.65,µg/m3,2015-08-03 00:00:00 +01:00,2015-08-04 00:00:00 +01:00,1,1
BG,BG.BG-ExEA.AQ,NET-BG001A,STA-BG0073A,BG0073A,SPO-BG0073A_00005_100,SPP-BG_A_BETA_thermo5030SHARP,SPO_F-BG0073A_00005_100_100,PM10,http://dd.eionet.europa.eu/vocabulary/aq/pollutant/5,day,131.69,µg/m3,2015-12-18 00:00:00 +01:00,2015-12-19 00:00:00 +01:00,1,1
BG,BG.BG-ExEA.AQ,NET-BG001A,STA-BG0073A,BG0073A,SPO-BG0073A_00005_100,SPP-BG_A_BETA_thermo5030SHARP,SPO_F-BG0073A_00005_100_100,PM10,http://dd.eionet.europa.eu/vocabulary/aq/pollutant/5,day,158.56,µg/m3,2015-12-19 00:00:00 +01:00,2015-12-20 00:00:00 +01:00,1,1
BG,BG.BG-ExEA.AQ,NET-BG001A,STA-BG0073A,BG0073A,SPO-BG0073A_00005_100,SPP-BG_A_BETA_thermo5030SHARP,SPO_F-BG0073A_00005_100_100,PM10,http://dd.eionet.europa.eu/vocabulary/aq/pollutant/5,day,157.77,µg/m3,2015-12-21 00:00:00 +01:00,2015-12-22 00:00:00 +01:00,1,1
BG,BG.BG-ExEA.AQ,NET-BG001A,STA-BG0073A,BG0073A,SPO-BG0073A_00005_100,SPP-BG_A_BETA_thermo5030SHARP,SPO_F-BG0073A_00005_100_100,PM10,http://dd.eionet.europa.eu/vocabulary/aq/pollutant/5,day,86.32,µg/m3,2015-12-22 00:00:00 +01:00,2015-12-23 00:00:00 +01:00,1,1
BG,BG.BG-ExEA.AQ,NET-BG001A,STA-BG0073A,BG0073A,SPO-BG0073A_00005_100,SPP-BG_A_BETA_thermo5030SHARP,SPO_F-BG0073A_00005_100_100,PM10,http://dd.eionet.europa.eu/vocabulary/aq/pollutant/5,day,137.7,µg/m3,2015-12-23 00:00:00 +01:00,2015-12-24 00:00:00 +01:00,1,1
BG,BG.BG-ExEA.AQ,NET-BG001A,STA-BG0073A,BG0073A,SPO-BG0073A_00005_100,SPP-BG_A_BETA_thermo5030SHARP,SPO_F-BG0073A_00005_100_100,PM10,http://dd.eionet.europa.eu/vocabulary/aq/pollutant/5,day,35.12,µg/m3,2015-08-16 00:00:00 +01:00,2015-08-17 00:00:00 +01:00,1,1
BG,BG.BG-ExEA.AQ,NET-BG001A,STA-BG0073A,BG0073A,SPO-BG0073A_00005_100,SPP-BG_A_BETA_thermo5030SHARP,SPO_F-BG0073A_00005_100_100,PM10,http://dd.eionet.europa.eu/vocabulary/aq/pollutant/5,day,145.95,µg/m3,2015-12-24 00:00:00 +01:00,2015-12-25 00:00:00 +01:00,1,1
BG,BG.BG-ExEA.AQ,NET-BG001A,STA-BG0073A,BG0073A,SPO-BG0073A_00005_100,SPP-BG_A_BETA_thermo5030SHARP,SPO_F-BG0073A_00005_100_100,PM10,http://dd.eionet.europa.eu/vocabulary/aq/pollutant/5,day,8.71,µg/m3,2015-08-22 00:00:00 +01:00,2015-08-23 00:00:00 +01:00,1,1
BG,BG.BG-ExEA.AQ,NET-BG001A,STA-BG0073A,BG0073A,SPO-BG0073A_00005_100,SPP-BG_A_BETA_thermo5030SHARP,SPO_F-BG0073A_00005_100_100,PM10,http://dd.eionet.europa.eu/vocabulary/aq/pollutant/5,day,28.43,µg/m3,2015-08-26 00:00:00 +01:00,2015-08-27 00:00:00 +01:00,1,1
BG,BG.BG-ExEA.AQ,NET-BG001A,STA-BG0073A,BG0073A,SPO-BG0073A_00005_100,SPP-BG_A_BETA_thermo5030SHARP,SPO_F-BG0073A_00005_100_100,PM10,http://dd.eionet.europa.eu/vocabulary/aq/pollutant/5,day,22.27,µg/m3,2015-08-25 00:00:00 +01:00,2015-08-26 00:00:00 +01:00,1,1
BG,BG.BG-ExEA.AQ,NET-BG001A,STA-BG0073A,BG0073A,SPO-BG0073A_00005_100,SPP-BG_A_BETA_thermo5030SHARP,SPO_F-BG0073A_00005_100_100,PM10,http://dd.eionet.europa.eu/vocabulary/aq/pollutant/5,day,10.43,µg/m3,2015-08-23 00:00:00 +01:00,2015-08-24 00:00:00 +01:00,1,1
BG,BG.BG-ExEA.AQ,NET-BG001A,STA-BG0073A,BG0073A,SPO-BG0073A_00005_100,SPP-BG_A_BETA_thermo5030SHARP,SPO_F-BG0073A_00005_100_100,PM10,http://dd.eionet.europa.eu/vocabulary/aq/pollutant/5,day,32.97,µg/m3,2015-08-30 00:00:00 +01:00,2015-08-31 00:00:00 +01:00,1,1
BG,BG.BG-ExEA.AQ,NET-BG001A,STA-BG0073A,BG0073A,SPO-BG0073A_00005_100,SPP-BG_A_BETA_thermo5030SHARP,SPO_F-BG0073A_00005_100_100,PM10,http://dd.eionet.europa.eu/vocabulary/aq/pollutant/5,day,31.04,µg/m3,2015-09-03 00:00:00 +01:00,2015-09-04 00:00:00 +01:00,1,1
BG,BG.BG-ExEA.AQ,NET-BG001A,STA-BG0073A,BG0073A,SPO-BG0073A_00005_100,SPP-BG_A_BETA_thermo5030SHARP,SPO_F-BG0073A_00005_100_100,PM10,http://dd.eionet.europa.eu/vocabulary/aq/pollutant/5,day,23.19,µg/m3,2015-10-02 00:00:00 +01:00,2015-10-03 00:00:00 +01:00,1,1
BG,BG.BG-ExEA.AQ,NET-BG001A,STA-BG0073A,BG0073A,SPO-BG0073A_00005_100,SPP-BG_A_BETA_thermo5030SHARP,SPO_F-BG0073A_00005_100_100,PM10,http://dd.eionet.europa.eu/vocabulary/aq/pollutant/5,day,18.03,µg/m3,2015-10-01 00:00:00 +01:00,2015-10-02 00:00:00 +01:00,1,1
BG,BG.BG-ExEA.AQ,NET-BG001A,STA-BG0073A,BG0073A,SPO-BG0073A_00005_100,SPP-BG_A_BETA_thermo5030SHARP,SPO_F-BG0073A_00005_100_100,PM10,http://dd.eionet.europa.eu/vocabulary/aq/pollutant/5,day,6.79,µg/m3,2015-09-28 00:00:00 +01:00,2015-09-29 00:00:00 +01:00,1,1
BG,BG.BG-ExEA.AQ,NET-BG001A,STA-BG0073A,BG0073A,SPO-BG0073A_00005_100,SPP-BG_A_BETA_thermo5030SHARP,SPO_F-BG0073A_00005_100_100,PM10,http://dd.eionet.europa.eu/vocabulary/aq/pollutant/5,day,7.05,µg/m3,2015-09-29 00:00:00 +01:00,2015-09-30 00:00:00 +01:00,1,1
BG,BG.BG-ExEA.AQ,NET-BG001A,STA-BG0073A,BG0073A,SPO-BG0073A_00005_100,SPP-BG_A_BETA_thermo5030SHARP,SPO_F-BG0073A_00005_100_100,PM10,http://dd.eionet.europa.eu/vocabulary/aq/pollutant/5,day,37.56,µg/m3,2015-09-23 00:00:00 +01:00,2015-09-24 00:00:00 +01:00,1,1
BG,BG.BG-ExEA.AQ,NET-BG001A,STA-BG0073A,BG0073A,SPO-BG0073A_00005_100,SPP-BG_A_BETA_thermo5030SHARP,SPO_F-BG0073A_00005_100_100,PM10,http://dd.eionet.europa.eu/vocabulary/aq/pollutant/5,day,11.87,µg/m3,2015-11-11 00:00:00 +01:00,2015-11-12 00:00:00 +01:00,1,1
BG,BG.BG-ExEA.AQ,NET-BG001A,STA-BG0073A,BG0073A,SPO-BG0073A_00005_100,SPP-BG_A_BETA_thermo5030SHARP,SPO_F-BG0073A_00005_100_100,PM10,http://dd.eionet.europa.eu/vocabulary/aq/pollutant/5,day,57.05,µg/m3,2015-10-27 00:00:00 +01:00,2015-10-28 00:00:00 +01:00,1,1
BG,BG.BG-ExEA.AQ,NET-BG001A,STA-BG0073A,BG0073A,SPO-BG0073A_00005_100,SPP-BG_A_BETA_thermo5030SHARP,SPO_F-BG0073A_00005_100_100,PM10,http://dd.eionet.europa.eu/vocabulary/aq/pollutant/5,day,57.54,µg/m3,2015-10-26 00:00:00 +01:00,2015-10-27 00:00:00 +01:00,1,1
BG,BG.BG-ExEA.AQ,NET-BG001A,STA-BG0073A,BG0073A,SPO-BG0073A_00005_100,SPP-BG_A_BETA_thermo5030SHARP,SPO_F-BG0073A_00005_100_100,PM10,http://dd.eionet.europa.eu/vocabulary/aq/pollutant/5,day,26.03,µg/m3,2015-10-24 00:00:00 +01:00,2015-10-25 00:00:00 +01:00,1,1
BG,BG.BG-ExEA.AQ,NET-BG001A,STA-BG0073A,BG0073A,SPO-BG0073A_00005_100,SPP-BG_A_BETA_thermo5030SHARP,SPO_F-BG0073A_00005_100_100,PM10,http://dd.eionet.europa.eu/vocabulary/aq/pollutant/5,day,25.2,µg/m3,2015-11-24 00:00:00 +01:00,2015-11-25 00:00:00 +01:00,1,1
BG,BG.BG-ExEA.AQ,NET-BG001A,STA-BG0073A,BG0073A,SPO-BG0073A_00005_100,SPP-BG_A_BETA_thermo5030SHARP,SPO_F-BG0073A_00005_100_100,PM10,http://dd.eionet.europa.eu/vocabulary/aq/pollutant/5,day,29.38,µg/m3,2015-11-25 00:00:00 +01:00,2015-11-26 00:00:00 +01:00,1,1
BG,BG.BG-ExEA.AQ,NET-BG001A,STA-BG0073A,BG0073A,SPO-BG0073A_00005_100,SPP-BG_A_BETA_thermo5030SHARP,SPO_F-BG0073A_00005_100_100,PM10,http://dd.eionet.europa.eu/vocabulary/aq/pollutant/5,day,100.69,µg/m3,2015-12-13 00:00:00 +01:00,2015-12-14 00:00:00 +01:00,1,1
BG,BG.BG-ExEA.AQ,NET-BG001A,STA-BG0073A,BG0073A,SPO-BG0073A_00005_100,SPP-BG_A_BETA_thermo5030SHARP,SPO_F-BG0073A_00005_100_100,PM10,http://dd.eionet.europa.eu/vocabulary/aq/pollutant/5,day,137.67,µg/m3,2015-12-27 00:00:00 +01:00,2015-12-28 00:00:00 +01:00,1,1
BG,BG.BG-ExEA.AQ,NET-BG001A,STA-BG0073A,BG0073A,SPO-BG0073A_00005_100,SPP-BG_A_BETA_thermo5030SHARP,SPO_F-BG0073A_00005_100_100,PM10,http://dd.eionet.europa.eu/vocabulary/aq/pollutant/5,day,78,µg/m3,2015-12-26 00:00:00 +01:00,2015-12-27 00:00:00 +01:00,1,1
BG,BG.BG-ExEA.AQ,NET-BG001A,STA-BG0073A,BG0073A,SPO-BG0073A_00005_100,SPP-BG_A_BETA_thermo5030SHARP,SPO_F-BG0073A_00005_100_100,PM10,http://dd.eionet.europa.eu/vocabulary/aq/pollutant/5,day,102.73,µg/m3,2015-12-29 00:00:00 +01:00,2015-12-30 00:00:00 +01:00,1,1
BG,BG.BG-ExEA.AQ,NET-BG001A,STA-BG0073A,BG0073A,SPO-BG0073A_00005_100,SPP-BG_A_BETA_thermo5030SHARP,SPO_F-BG0073A_00005_100_100,PM10,http://dd.eionet.europa.eu/vocabulary/aq/pollutant/5,day,181.86,µg/m3,2015-12-28 00:00:00 +01:00,2015-12-29 00:00:00 +01:00,1,1
BG,BG.BG-ExEA.AQ,NET-BG001A,STA-BG0073A,BG0073A,SPO-BG0073A_00005_100,SPP-BG_A_BETA_thermo5030SHARP,SPO_F-BG0073A_00005_100_100,PM10,http://dd.eionet.europa.eu/vocabulary/aq/pollutant/5,day,135.16,µg/m3,2015-12-20 00:00:00 +01:00,2015-12-21 00:00:00 +01:00,1,1
BG,BG.BG-ExEA.AQ,NET-BG001A,STA-BG0073A,BG0073A,SPO-BG0073A_00005_100,SPP-BG_A_BETA_thermo5030SHARP,SPO_F-BG0073A_00005_100_100,PM10,http://dd.eionet.europa.eu/vocabulary/aq/pollutant/5,day,31.06,µg/m3,2015-01-07 00:00:00 +01:00,2015-01-08 00:00:00 +01:00,1,1
BG,BG.BG-ExEA.AQ,NET-BG001A,STA-BG0073A,BG0073A,SPO-BG0073A_00005_100,SPP-BG_A_BETA_thermo5030SHARP,SPO_F-BG0073A_00005_100_100,PM10,http://dd.eionet.europa.eu/vocabulary/aq/pollutant/5,day,129.36,µg/m3,2015-01-08 00:00:00 +01:00,2015-01-09 00:00:00 +01:00,1,1
BG,BG.BG-ExEA.AQ,NET-BG001A,STA-BG0073A,BG0073A,SPO-BG0073A_00005_100,SPP-BG_A_BETA_thermo5030SHARP,SPO_F-BG0073A_00005_100_100,PM10,http://dd.eionet.europa.eu/vocabulary/aq/pollutant/5,day,37.95,µg/m3,2015-01-30 00:00:00 +01:00,2015-01-31 00:00:00 +01:00,1,1
BG,BG.BG-ExEA.AQ,NET-BG001A,STA-BG0073A,BG0073A,SPO-BG0073A_00005_100,SPP-BG_A_BETA_thermo5030SHARP,SPO_F-BG0073A_00005_100_100,PM10,http://dd.eionet.europa.eu/vocabulary/aq/pollutant/5,day,35.6,µg/m3,2015-01-24 00:00:00 +01:00,2015-01-25 00:00:00 +01:00,1,1
BG,BG.BG-ExEA.AQ,NET-BG001A,STA-BG0073A,BG0073A,SPO-BG0073A_00005_100,SPP-BG_A_BETA_thermo5030SHARP,SPO_F-BG0073A_00005_100_100,PM10,http://dd.eionet.europa.eu/vocabulary/aq/pollutant/5,day,112.69,µg/m3,2015-01-13 00:00:00 +01:00,2015-01-14 00:00:00 +01:00,1,1
BG,BG.BG-ExEA.AQ,NET-BG001A,STA-BG0073A,BG0073A,SPO-BG0073A_00005_100,SPP-BG_A_BETA_thermo5030SHARP,SPO_F-BG0073A_00005_100_100,PM10,http://dd.eionet.europa.eu/vocabulary/aq/pollutant/5,day,65.9,µg/m3,2015-01-22 00:00:00 +01:00,2015-01-23 00:00:00 +01:00,1,1
BG,BG.BG-ExEA.AQ,NET-BG001A,STA-BG0073A,BG0073A,SPO-BG0073A_00005_100,SPP-BG_A_BETA_thermo5030SHARP,SPO_F-BG0073A_00005_100_100,PM10,http://dd.eionet.europa.eu/vocabulary/aq/pollutant/5,day,39.48,µg/m3,2015-01-23 00:00:00 +01:00,2015-01-24 00:00:00 +01:00,1,1
BG,BG.BG-ExEA.AQ,NET-BG001A,STA-BG0073A,BG0073A,SPO-BG0073A_00005_100,SPP-BG_A_BETA_thermo5030SHARP,SPO_F-BG0073A_00005_100_100,PM10,http://dd.eionet.europa.eu/vocabulary/aq/pollutant/5,day,11.81,µg/m3,2015-01-12 00:00:00 +01:00,2015-01-13 00:00:00 +01:00,1,1
BG,BG.BG-ExEA.AQ,NET-BG001A,STA-BG0073A,BG0073A,SPO-BG0073A_00005_100,SPP-BG_A_BETA_thermo5030SHARP,SPO_F-BG0073A_00005_100_100,PM10,http://dd.eionet.europa.eu/vocabulary/aq/pollutant/5,day,124.13,µg/m3,2015-01-16 00:00:00 +01:00,2015-01-17 00:00:00 +01:00,1,1
BG,BG.BG-ExEA.AQ,NET-BG001A,STA-BG0073A,BG0073A,SPO-BG0073A_00005_100,SPP-BG_A_BETA_thermo5030SHARP,SPO_F-BG0073A_00005_100_100,PM10,http://dd.eionet.europa.eu/vocabulary/aq/pollutant/5,day,204.5,µg/m3,2015-01-14 00:00:00 +01:00,2015-01-15 00:00:00 +01:00,1,1
BG,BG.BG-ExEA.AQ,NET-BG001A,STA-BG0073A,BG0073A,SPO-BG0073A_00005_100,SPP-BG_A_BETA_thermo5030SHARP,SPO_F-BG0073A_00005_100_100,PM10,http://dd.eionet.europa.eu/vocabulary/aq/pollutant/5,day,58.83,µg/m3,2015-02-05 00:00:00 +01:00,2015-02-06 00:00:00 +01:00,1,1
BG,BG.BG-ExEA.AQ,NET-BG001A,STA-BG0073A,BG0073A,SPO-BG0073A_00005_100,SPP-BG_A_BETA_thermo5030SHARP,SPO_F-BG0073A_00005_100_100,PM10,http://dd.eionet.europa.eu/vocabulary/aq/pollutant/5,day,15.23,µg/m3,2015-02-17 00:00:00 +01:00,2015-02-18 00:00:00 +01:00,1,1
BG,BG.BG-ExEA.AQ,NET-BG001A,STA-BG0073A,BG0073A,SPO-BG0073A_00005_100,SPP-BG_A_BETA_thermo5030SHARP,SPO_F-BG0073A_00005_100_100,PM10,http://dd.eionet.europa.eu/vocabulary/aq/pollutant/5,day,26.18,µg/m3,2015-01-28 00:00:00 +01:00,2015-01-29 00:00:00 +01:00,1,1
BG,BG.BG-ExEA.AQ,NET-BG001A,STA-BG0073A,BG0073A,SPO-BG0073A_00005_100,SPP-BG_A_BETA_thermo5030SHARP,SPO_F-BG0073A_00005_100_100,PM10,http://dd.eionet.europa.eu/vocabulary/aq/pollutant/5,day,43.64,µg/m3,2015-02-03 00:00:00 +01:00,2015-02-04 00:00:00 +01:00,1,1
BG,BG.BG-ExEA.AQ,NET-BG001A,STA-BG0073A,BG0073A,SPO-BG0073A_00005_100,SPP-BG_A_BETA_thermo5030SHARP,SPO_F-BG0073A_00005_100_100,PM10,http://dd.eionet.europa.eu/vocabulary/aq/pollutant/5,day,38.79,µg/m3,2015-02-19 00:00:00 +01:00,2015-02-20 00:00:00 +01:00,1,1
BG,BG.BG-ExEA.AQ,NET-BG001A,STA-BG0073A,BG0073A,SPO-BG0073A_00005_100,SPP-BG_A_BETA_thermo5030SHARP,SPO_F-BG0073A_00005_100_100,PM10,http://dd.eionet.europa.eu/vocabulary/aq/pollutant/5,day,49.16,µg/m3,2015-03-15 00:00:00 +01:00,2015-03-16 00:00:00 +01:00,1,1
BG,BG.BG-ExEA.AQ,NET-BG001A,STA-BG0073A,BG0073A,SPO-BG0073A_00005_100,SPP-BG_A_BETA_thermo5030SHARP,SPO_F-BG0073A_00005_100_100,PM10,http://dd.eionet.europa.eu/vocabulary/aq/pollutant/5,day,33.91,µg/m3,2015-03-17 00:00:00 +01:00,2015-03-18 00:00:00 +01:00,1,1
BG,BG.BG-ExEA.AQ,NET-BG001A,STA-BG0073A,BG0073A,SPO-BG0073A_00005_100,SPP-BG_A_BETA_thermo5030SHARP,SPO_F-BG0073A_00005_100_100,PM10,http://dd.eionet.europa.eu/vocabulary/aq/pollutant/5,day,9.2,µg/m3,2015-03-07 00:00:00 +01:00,2015-03-08 00:00:00 +01:00,1,1
BG,BG.BG-ExEA.AQ,NET-BG001A,STA-BG0073A,BG0073A,SPO-BG0073A_00005_100,SPP-BG_A_BETA_thermo5030SHARP,SPO_F-BG0073A_00005_100_100,PM10,http://dd.eionet.europa.eu/vocabulary/aq/pollutant/5,day,36.2,µg/m3,2015-02-11 00:00:00 +01:00,2015-02-12 00:00:00 +01:00,1,1
BG,BG.BG-ExEA.AQ,NET-BG001A,STA-BG0073A,BG0073A,SPO-BG0073A_00005_100,SPP-BG_A_BETA_thermo5030SHARP,SPO_F-BG0073A_00005_100_100,PM10,http://dd.eionet.europa.eu/vocabulary/aq/pollutant/5,day,50.18,µg/m3,2015-03-24 00:00:00 +01:00,2015-03-25 00:00:00 +01:00,1,1
BG,BG.BG-ExEA.AQ,NET-BG001A,STA-BG0073A,BG0073A,SPO-BG0073A_00005_100,SPP-BG_A_BETA_thermo5030SHARP,SPO_F-BG0073A_00005_100_100,PM10,http://dd.eionet.europa.eu/vocabulary/aq/pollutant/5,day,70.93,µg/m3,2015-03-25 00:00:00 +01:00,2015-03-26 00:00:00 +01:00,1,1
BG,BG.BG-ExEA.AQ,NET-BG001A,STA-BG0073A,BG0073A,SPO-BG0073A_00005_100,SPP-BG_A_BETA_thermo5030SHARP,SPO_F-BG0073A_00005_100_100,PM10,http://dd.eionet.europa.eu/vocabulary/aq/pollutant/5,day,30.82,µg/m3,2015-02-25 00:00:00 +01:00,2015-02-26 00:00:00 +01:00,1,1
BG,BG.BG-ExEA.AQ,NET-BG001A,STA-BG0073A,BG0073A,SPO-BG0073A_00005_100,SPP-BG_A_BETA_thermo5030SHARP,SPO_F-BG0073A_00005_100_100,PM10,http://dd.eionet.europa.eu/vocabulary/aq/pollutant/5,day,48.77,µg/m3,2015-03-19 00:00:00 +01:00,2015-03-20 00:00:00 +01:00,1,1
BG,BG.BG-ExEA.AQ,NET-BG001A,STA-BG0073A,BG0073A,SPO-BG0073A_00005_100,SPP-BG_A_BETA_thermo5030SHARP,SPO_F-BG0073A_00005_100_100,PM10,http://dd.eionet.europa.eu/vocabulary/aq/pollutant/5,day,39.8,µg/m3,2015-02-27 00:00:00 +01:00,2015-02-28 00:00:00 +01:00,1,1
BG,BG.BG-ExEA.AQ,NET-BG001A,STA-BG0073A,BG0073A,SPO-BG0073A_00005_100,SPP-BG_A_BETA_thermo5030SHARP,SPO_F-BG0073A_00005_100_100,PM10,http://dd.eionet.europa.eu/vocabulary/aq/pollutant/5,day,23.01,µg/m3,2015-03-29 00:00:00 +01:00,2015-03-30 00:00:00 +01:00,1,1
BG,BG.BG-ExEA.AQ,NET-BG001A,STA-BG0073A,BG0073A,SPO-BG0073A_00005_100,SPP-BG_A_BETA_thermo5030SHARP,SPO_F-BG0073A_00005_100_100,PM10,http://dd.eionet.europa.eu/vocabulary/aq/pollutant/5,day,16.85,µg/m3,2015-03-31 00:00:00 +01:00,2015-04-01 00:00:00 +01:00,1,1
BG,BG.BG-ExEA.AQ,NET-BG001A,STA-BG0073A,BG0073A,SPO-BG0073A_00005_100,SPP-BG_A_BETA_thermo5030SHARP,SPO_F-BG0073A_00005_100_100,PM10,http://dd.eionet.europa.eu/vocabulary/aq/pollutant/5,day,22.86,µg/m3,2015-04-02 00:00:00 +01:00,2015-04-03 00:00:00 +01:00,1,1
BG,BG.BG-ExEA.AQ,NET-BG001A,STA-BG0073A,BG0073A,SPO-BG0073A_00005_100,SPP-BG_A_BETA_thermo5030SHARP,SPO_F-BG0073A_00005_100_100,PM10,http://dd.eionet.europa.eu/vocabulary/aq/pollutant/5,day,13.01,µg/m3,2015-04-04 00:00:00 +01:00,2015-04-05 00:00:00 +01:00,1,1
BG,BG.BG-ExEA.AQ,NET-BG001A,STA-BG0073A,BG0073A,SPO-BG0073A_00005_100,SPP-BG_A_BETA_thermo5030SHARP,SPO_F-BG0073A_00005_100_100,PM10,http://dd.eionet.europa.eu/vocabulary/aq/pollutant/5,day,31.23,µg/m3,2015-04-13 00:00:00 +01:00,2015-04-14 00:00:00 +01:00,1,1
BG,BG.BG-ExEA.AQ,NET-BG001A,STA-BG0073A,BG0073A,SPO-BG0073A_00005_100,SPP-BG_A_BETA_thermo5030SHARP,SPO_F-BG0073A_00005_100_100,PM10,http://dd.eionet.europa.eu/vocabulary/aq/pollutant/5,day,30.64,µg/m3,2015-04-12 00:00:00 +01:00,2015-04-13 00:00:00 +01:00,1,1
BG,BG.BG-ExEA.AQ,NET-BG001A,STA-BG0073A,BG0073A,SPO-BG0073A_00005_100,SPP-BG_A_BETA_thermo5030SHARP,SPO_F-BG0073A_00005_100_100,PM10,http://dd.eionet.europa.eu/vocabulary/aq/pollutant/5,day,39.01,µg/m3,2015-03-12 00:00:00 +01:00,2015-03-13 00:00:00 +01:00,1,1
BG,BG.BG-ExEA.AQ,NET-BG001A,STA-BG0073A,BG0073A,SPO-BG0073A_00005_100,SPP-BG_A_BETA_thermo5030SHARP,SPO_F-BG0073A_00005_100_100,PM10,http://dd.eionet.europa.eu/vocabulary/aq/pollutant/5,day,18.37,µg/m3,2015-04-20 00:00:00 +01:00,2015-04-21 00:00:00 +01:00,1,1
BG,BG.BG-ExEA.AQ,NET-BG001A,STA-BG0073A,BG0073A,SPO-BG0073A_00005_100,SPP-BG_A_BETA_thermo5030SHARP,SPO_F-BG0073A_00005_100_100,PM10,http://dd.eionet.europa.eu/vocabulary/aq/pollutant/5,day,36.07,µg/m3,2015-04-24 00:00:00 +01:00,2015-04-25 00:00:00 +01:00,1,1
BG,BG.BG-ExEA.AQ,NET-BG001A,STA-BG0073A,BG0073A,SPO-BG0073A_00005_100,SPP-BG_A_BETA_thermo5030SHARP,SPO_F-BG0073A_00005_100_100,PM10,http://dd.eionet.europa.eu/vocabulary/aq/pollutant/5,day,35.05,µg/m3,2015-05-14 00:00:00 +01:00,2015-05-15 00:00:00 +01:00,1,1
BG,BG.BG-ExEA.AQ,NET-BG001A,STA-BG0073A,BG0073A,SPO-BG0073A_00005_100,SPP-BG_A_BETA_thermo5030SHARP,SPO_F-BG0073A_00005_100_100,PM10,http://dd.eionet.europa.eu/vocabulary/aq/pollutant/5,day,24.88,µg/m3,2015-05-09 00:00:00 +01:00,2015-05-10 00:00:00 +01:00,1,1
BG,BG.BG-ExEA.AQ,NET-BG001A,STA-BG0073A,BG0073A,SPO-BG0073A_00005_100,SPP-BG_A_BETA_thermo5030SHARP,SPO_F-BG0073A_00005_100_100,PM10,http://dd.eionet.europa.eu/vocabulary/aq/pollutant/5,day,41.04,µg/m3,2015-05-06 00:00:00 +01:00,2015-05-07 00:00:00 +01:00,1,1
BG,BG.BG-ExEA.AQ,NET-BG001A,STA-BG0073A,BG0073A,SPO-BG0073A_00005_100,SPP-BG_A_BETA_thermo5030SHARP,SPO_F-BG0073A_00005_100_100,PM10,http://dd.eionet.europa.eu/vocabulary/aq/pollutant/5,day,22.69,µg/m3,2015-06-06 00:00:00 +01:00,2015-06-07 00:00:00 +01:00,1,1
BG,BG.BG-ExEA.AQ,NET-BG001A,STA-BG0073A,BG0073A,SPO-BG0073A_00005_100,SPP-BG_A_BETA_thermo5030SHARP,SPO_F-BG0073A_00005_100_100,PM10,http://dd.eionet.europa.eu/vocabulary/aq/pollutant/5,day,38.67,µg/m3,2015-05-22 00:00:00 +01:00,2015-05-23 00:00:00 +01:00,1,1
BG,BG.BG-ExEA.AQ,NET-BG001A,STA-BG0073A,BG0073A,SPO-BG0073A_00005_100,SPP-BG_A_BETA_thermo5030SHARP,SPO_F-BG0073A_00005_100_100,PM10,http://dd.eionet.europa.eu/vocabulary/aq/pollutant/5,day,21.09,µg/m3,2015-07-02 00:00:00 +01:00,2015-07-03 00:00:00 +01:00,1,1
BG,BG.BG-ExEA.AQ,NET-BG001A,STA-BG0073A,BG0073A,SPO-BG0073A_00005_100,SPP-BG_A_BETA_thermo5030SHARP,SPO_F-BG0073A_00005_100_100,PM10,http://dd.eionet.europa.eu/vocabulary/aq/pollutant/5,day,19.67,µg/m3,2015-07-01 00:00:00 +01:00,2015-07-02 00:00:00 +01:00,1,1
BG,BG.BG-ExEA.AQ,NET-BG001A,STA-BG0073A,BG0073A,SPO-BG0073A_00005_100,SPP-BG_A_BETA_thermo5030SHARP,SPO_F-BG0073A_00005_100_100,PM10,http://dd.eionet.europa.eu/vocabulary/aq/pollutant/5,day,31.6,µg/m3,2015-06-24 00:00:00 +01:00,2015-06-25 00:00:00 +01:00,1,1
BG,BG.BG-ExEA.AQ,NET-BG001A,STA-BG0073A,BG0073A,SPO-BG0073A_00005_100,SPP-BG_A_BETA_thermo5030SHARP,SPO_F-BG0073A_00005_100_100,PM10,http://dd.eionet.europa.eu/vocabulary/aq/pollutant/5,day,26.27,µg/m3,2015-06-20 00:00:00 +01:00,2015-06-21 00:00:00 +01:00,1,1
BG,BG.BG-ExEA.AQ,NET-BG001A,STA-BG0073A,BG0073A,SPO-BG0073A_00005_100,SPP-BG_A_BETA_thermo5030SHARP,SPO_F-BG0073A_00005_100_100,PM10,http://dd.eionet.europa.eu/vocabulary/aq/pollutant/5,day,19.13,µg/m3,2015-06-17 00:00:00 +01:00,2015-06-18 00:00:00 +01:00,1,1
BG,BG.BG-ExEA.AQ,NET-BG001A,STA-BG0073A,BG0073A,SPO-BG0073A_00005_100,SPP-BG_A_BETA_thermo5030SHARP,SPO_F-BG0073A_00005_100_100,PM10,http://dd.eionet.europa.eu/vocabulary/aq/pollutant/5,day,23.38,µg/m3,2015-06-19 00:00:00 +01:00,2015-06-20 00:00:00 +01:00,1,1
BG,BG.BG-ExEA.AQ,NET-BG001A,STA-BG0073A,BG0073A,SPO-BG0073A_00005_100,SPP-BG_A_BETA_thermo5030SHARP,SPO_F-BG0073A_00005_100_100,PM10,http://dd.eionet.europa.eu/vocabulary/aq/pollutant/5,day,28.85,µg/m3,2015-06-10 00:00:00 +01:00,2015-06-11 00:00:00 +01:00,1,1
BG,BG.BG-ExEA.AQ,NET-BG001A,STA-BG0073A,BG0073A,SPO-BG0073A_00005_100,SPP-BG_A_BETA_thermo5030SHARP,SPO_F-BG0073A_00005_100_100,PM10,http://dd.eionet.europa.eu/vocabulary/aq/pollutant/5,day,36.12,µg/m3,2015-07-08 00:00:00 +01:00,2015-07-09 00:00:00 +01:00,1,1
BG,BG.BG-ExEA.AQ,NET-BG001A,STA-BG0073A,BG0073A,SPO-BG0073A_00005_100,SPP-BG_A_BETA_thermo5030SHARP,SPO_F-BG0073A_00005_100_100,PM10,http://dd.eionet.europa.eu/vocabulary/aq/pollutant/5,day,43.4,µg/m3,2015-03-18 00:00:00 +01:00,2015-03-19 00:00:00 +01:00,1,1
BG,BG.BG-ExEA.AQ,NET-BG001A,STA-BG0073A,BG0073A,SPO-BG0073A_00005_100,SPP-BG_A_BETA_thermo5030SHARP,SPO_F-BG0073A_00005_100_100,PM10,http://dd.eionet.europa.eu/vocabulary/aq/pollutant/5,day,41.96,µg/m3,2015-03-16 00:00:00 +01:00,2015-03-17 00:00:00 +01:00,1,1
BG,BG.BG-ExEA.AQ,NET-BG001A,STA-BG0073A,BG0073A,SPO-BG0073A_00005_100,SPP-BG_A_BETA_thermo5030SHARP,SPO_F-BG0073A_00005_100_100,PM10,http://dd.eionet.europa.eu/vocabulary/aq/pollutant/5,day,27.33,µg/m3,2015-03-20 00:00:00 +01:00,2015-03-21 00:00:00 +01:00,1,1
BG,BG.BG-ExEA.AQ,NET-BG001A,STA-BG0073A,BG0073A,SPO-BG0073A_00005_100,SPP-BG_A_BETA_thermo5030SHARP,SPO_F-BG0073A_00005_100_100,PM10,http://dd.eionet.europa.eu/vocabulary/aq/pollutant/5,day,37.65,µg/m3,2015-03-21 00:00:00 +01:00,2015-03-22 00:00:00 +01:00,1,1
BG,BG.BG-ExEA.AQ,NET-BG001A,STA-BG0073A,BG0073A,SPO-BG0073A_00005_100,SPP-BG_A_BETA_thermo5030SHARP,SPO_F-BG0073A_00005_100_100,PM10,http://dd.eionet.europa.eu/vocabulary/aq/pollutant/5,day,22.29,µg/m3,2015-04-08 00:00:00 +01:00,2015-04-09 00:00:00 +01:00,1,1
BG,BG.BG-ExEA.AQ,NET-BG001A,STA-BG0073A,BG0073A,SPO-BG0073A_00005_100,SPP-BG_A_BETA_thermo5030SHARP,SPO_F-BG0073A_00005_100_100,PM10,http://dd.eionet.europa.eu/vocabulary/aq/pollutant/5,day,22.96,µg/m3,2015-04-18 00:00:00 +01:00,2015-04-19 00:00:00 +01:00,1,1
BG,BG.BG-ExEA.AQ,NET-BG001A,STA-BG0073A,BG0073A,SPO-BG0073A_00005_100,SPP-BG_A_BETA_thermo5030SHARP,SPO_F-BG0073A_00005_100_100,PM10,http://dd.eionet.europa.eu/vocabulary/aq/pollutant/5,day,21.09,µg/m3,2015-04-15 00:00:00 +01:00,2015-04-16 00:00:00 +01:00,1,1
BG,BG.BG-ExEA.AQ,NET-BG001A,STA-BG0073A,BG0073A,SPO-BG0073A_00005_100,SPP-BG_A_BETA_thermo5030SHARP,SPO_F-BG0073A_00005_100_100,PM10,http://dd.eionet.europa.eu/vocabulary/aq/pollutant/5,day,28.37,µg/m3,2015-04-22 00:00:00 +01:00,2015-04-23 00:00:00 +01:00,1,1
BG,BG.BG-ExEA.AQ,NET-BG001A,STA-BG0073A,BG0073A,SPO-BG0073A_00005_100,SPP-BG_A_BETA_thermo5030SHARP,SPO_F-BG0073A_00005_100_100,PM10,http://dd.eionet.europa.eu/vocabulary/aq/pollutant/5,day,19.37,µg/m3,2015-05-01 00:00:00 +01:00,2015-05-02 00:00:00 +01:00,1,1
BG,BG.BG-ExEA.AQ,NET-BG001A,STA-BG0073A,BG0073A,SPO-BG0073A_00005_100,SPP-BG_A_BETA_thermo5030SHARP,SPO_F-BG0073A_00005_100_100,PM10,http://dd.eionet.europa.eu/vocabulary/aq/pollutant/5,day,20.83,µg/m3,2015-04-30 00:00:00 +01:00,2015-05-01 00:00:00 +01:00,1,1
BG,BG.BG-ExEA.AQ,NET-BG001A,STA-BG0073A,BG0073A,SPO-BG0073A_00005_100,SPP-BG_A_BETA_thermo5030SHARP,SPO_F-BG0073A_00005_100_100,PM10,http://dd.eionet.europa.eu/vocabulary/aq/pollutant/5,day,32.6,µg/m3,2015-05-20 00:00:00 +01:00,2015-05-21 00:00:00 +01:00,1,1
BG,BG.BG-ExEA.AQ,NET-BG001A,STA-BG0073A,BG0073A,SPO-BG0073A_00005_100,SPP-BG_A_BETA_thermo5030SHARP,SPO_F-BG0073A_00005_100_100,PM10,http://dd.eionet.europa.eu/vocabulary/aq/pollutant/5,day,42.22,µg/m3,2015-05-18 00:00:00 +01:00,2015-05-19 00:00:00 +01:00,1,1
BG,BG.BG-ExEA.AQ,NET-BG001A,STA-BG0073A,BG0073A,SPO-BG0073A_00005_100,SPP-BG_A_BETA_thermo5030SHARP,SPO_F-BG0073A_00005_100_100,PM10,http://dd.eionet.europa.eu/vocabulary/aq/pollutant/5,day,33.92,µg/m3,2015-05-21 00:00:00 +01:00,2015-05-22 00:00:00 +01:00,1,1
BG,BG.BG-ExEA.AQ,NET-BG001A,STA-BG0073A,BG0073A,SPO-BG0073A_00005_100,SPP-BG_A_BETA_thermo5030SHARP,SPO_F-BG0073A_00005_100_100,PM10,http://dd.eionet.europa.eu/vocabulary/aq/pollutant/5,day,32.31,µg/m3,2015-05-24 00:00:00 +01:00,2015-05-25 00:00:00 +01:00,1,1
BG,BG.BG-ExEA.AQ,NET-BG001A,STA-BG0073A,BG0073A,SPO-BG0073A_00005_100,SPP-BG_A_BETA_thermo5030SHARP,SPO_F-BG0073A_00005_100_100,PM10,http://dd.eionet.europa.eu/vocabulary/aq/pollutant/5,day,26.13,µg/m3,2015-06-03 00:00:00 +01:00,2015-06-04 00:00:00 +01:00,1,1
BG,BG.BG-ExEA.AQ,NET-BG001A,STA-BG0073A,BG0073A,SPO-BG0073A_00005_100,SPP-BG_A_BETA_thermo5030SHARP,SPO_F-BG0073A_00005_100_100,PM10,http://dd.eionet.europa.eu/vocabulary/aq/pollutant/5,day,24.62,µg/m3,2015-06-05 00:00:00 +01:00,2015-06-06 00:00:00 +01:00,1,1
BG,BG.BG-ExEA.AQ,NET-BG001A,STA-BG0073A,BG0073A,SPO-BG0073A_00005_100,SPP-BG_A_BETA_thermo5030SHARP,SPO_F-BG0073A_00005_100_100,PM10,http://dd.eionet.europa.eu/vocabulary/aq/pollutant/5,day,18.26,µg/m3,2015-06-07 00:00:00 +01:00,2015-06-08 00:00:00 +01:00,1,1
BG,BG.BG-ExEA.AQ,NET-BG001A,STA-BG0073A,BG0073A,SPO-BG0073A_00005_100,SPP-BG_A_BETA_thermo5030SHARP,SPO_F-BG0073A_00005_100_100,PM10,http://dd.eionet.europa.eu/vocabulary/aq/pollutant/5,day,20.47,µg/m3,2015-06-11 00:00:00 +01:00,2015-06-12 00:00:00 +01:00,1,1
BG,BG.BG-ExEA.AQ,NET-BG001A,STA-BG0073A,BG0073A,SPO-BG0073A_00005_100,SPP-BG_A_BETA_thermo5030SHARP,SPO_F-BG0073A_00005_100_100,PM10,http://dd.eionet.europa.eu/vocabulary/aq/pollutant/5,day,17.74,µg/m3,2015-06-18 00:00:00 +01:00,2015-06-19 00:00:00 +01:00,1,1
BG,BG.BG-ExEA.AQ,NET-BG001A,STA-BG0073A,BG0073A,SPO-BG0073A_00005_100,SPP-BG_A_BETA_thermo5030SHARP,SPO_F-BG0073A_00005_100_100,PM10,http://dd.eionet.europa.eu/vocabulary/aq/pollutant/5,day,16.6,µg/m3,2015-06-22 00:00:00 +01:00,2015-06-23 00:00:00 +01:00,1,1
BG,BG.BG-ExEA.AQ,NET-BG001A,STA-BG0073A,BG0073A,SPO-BG0073A_00005_100,SPP-BG_A_BETA_thermo5030SHARP,SPO_F-BG0073A_00005_100_100,PM10,http://dd.eionet.europa.eu/vocabulary/aq/pollutant/5,day,18.16,µg/m3,2015-06-27 00:00:00 +01:00,2015-06-28 00:00:00 +01:00,1,1
BG,BG.BG-ExEA.AQ,NET-BG001A,STA-BG0073A,BG0073A,SPO-BG0073A_00005_100,SPP-BG_A_BETA_thermo5030SHARP,SPO_F-BG0073A_00005_100_100,PM10,http://dd.eionet.europa.eu/vocabulary/aq/pollutant/5,day,12.78,µg/m3,2015-06-25 00:00:00 +01:00,2015-06-26 00:00:00 +01:00,1,1
BG,BG.BG-ExEA.AQ,NET-BG001A,STA-BG0073A,BG0073A,SPO-BG0073A_00005_100,SPP-BG_A_BETA_thermo5030SHARP,SPO_F-BG0073A_00005_100_100,PM10,http://dd.eionet.europa.eu/vocabulary/aq/pollutant/5,day,24.77,µg/m3,2015-07-05 00:00:00 +01:00,2015-07-06 00:00:00 +01:00,1,1
BG,BG.BG-ExEA.AQ,NET-BG001A,STA-BG0073A,BG0073A,SPO-BG0073A_00005_100,SPP-BG_A_BETA_thermo5030SHARP,SPO_F-BG0073A_00005_100_100,PM10,http://dd.eionet.europa.eu/vocabulary/aq/pollutant/5,day,15.47,µg/m3,2015-04-19 00:00:00 +01:00,2015-04-20 00:00:00 +01:00,1,1
BG,BG.BG-ExEA.AQ,NET-BG001A,STA-BG0073A,BG0073A,SPO-BG0073A_00005_100,SPP-BG_A_BETA_thermo5030SHARP,SPO_F-BG0073A_00005_100_100,PM10,http://dd.eionet.europa.eu/vocabulary/aq/pollutant/5,day,14.83,µg/m3,2015-01-05 00:00:00 +01:00,2015-01-06 00:00:00 +01:00,1,1
BG,BG.BG-ExEA.AQ,NET-BG001A,STA-BG0073A,BG0073A,SPO-BG0073A_00005_100,SPP-BG_A_BETA_thermo5030SHARP,SPO_F-BG0073A_00005_100_100,PM10,http://dd.eionet.europa.eu/vocabulary/aq/pollutant/5,day,40.12,µg/m3,2015-01-04 00:00:00 +01:00,2015-01-05 00:00:00 +01:00,1,1
BG,BG.BG-ExEA.AQ,NET-BG001A,STA-BG0073A,BG0073A,SPO-BG0073A_00005_100,SPP-BG_A_BETA_thermo5030SHARP,SPO_F-BG0073A_00005_100_100,PM10,http://dd.eionet.europa.eu/vocabulary/aq/pollutant/5,day,46.78,µg/m3,2015-01-03 00:00:00 +01:00,2015-01-04 00:00:00 +01:00,1,1
BG,BG.BG-ExEA.AQ,NET-BG001A,STA-BG0073A,BG0073A,SPO-BG0073A_00005_100,SPP-BG_A_BETA_thermo5030SHARP,SPO_F-BG0073A_00005_100_100,PM10,http://dd.eionet.europa.eu/vocabulary/aq/pollutant/5,day,32.88,µg/m3,2015-01-02 00:00:00 +01:00,2015-01-03 00:00:00 +01:00,1,1
BG,BG.BG-ExEA.AQ,NET-BG001A,STA-BG0073A,BG0073A,SPO-BG0073A_00005_100,SPP-BG_A_BETA_thermo5030SHARP,SPO_F-BG0073A_00005_100_100,PM10,http://dd.eionet.europa.eu/vocabulary/aq/pollutant/5,day,78.78,µg/m3,2015-01-01 00:00:00 +01:00,2015-01-02 00:00:00 +01:00,1,1
BG,BG.BG-ExEA.AQ,NET-BG001A,STA-BG0073A,BG0073A,SPO-BG0073A_00005_100,SPP-BG_A_BETA_thermo5030SHARP,SPO_F-BG0073A_00005_100_100,PM10,http://dd.eionet.europa.eu/vocabulary/aq/pollutant/5,day,42.08,µg/m3,2015-01-11 00:00:00 +01:00,2015-01-12 00:00:00 +01:00,1,1
BG,BG.BG-ExEA.AQ,NET-BG001A,STA-BG0073A,BG0073A,SPO-BG0073A_00005_100,SPP-BG_A_BETA_thermo5030SHARP,SPO_F-BG0073A_00005_100_100,PM10,http://dd.eionet.europa.eu/vocabulary/aq/pollutant/5,day,160.78,µg/m3,2015-01-09 00:00:00 +01:00,2015-01-10 00:00:00 +01:00,1,1
BG,BG.BG-ExEA.AQ,NET-BG001A,STA-BG0073A,BG0073A,SPO-BG0073A_00005_100,SPP-BG_A_BETA_thermo5030SHARP,SPO_F-BG0073A_00005_100_100,PM10,http://dd.eionet.europa.eu/vocabulary/aq/pollutant/5,day,21.52,µg/m3,2015-01-06 00:00:00 +01:00,2015-01-07 00:00:00 +01:00,1,1
BG,BG.BG-ExEA.AQ,NET-BG001A,STA-BG0073A,BG0073A,SPO-BG0073A_00005_100,SPP-BG_A_BETA_thermo5030SHARP,SPO_F-BG0073A_00005_100_100,PM10,http://dd.eionet.europa.eu/vocabulary/aq/pollutant/5,day,245.8,µg/m3,2015-01-18 00:00:00 +01:00,2015-01-19 00:00:00 +01:00,1,1
BG,BG.BG-ExEA.AQ,NET-BG001A,STA-BG0073A,BG0073A,SPO-BG0073A_00005_100,SPP-BG_A_BETA_thermo5030SHARP,SPO_F-BG0073A_00005_100_100,PM10,http://dd.eionet.europa.eu/vocabulary/aq/pollutant/5,day,24.59,µg/m3,2015-01-25 00:00:00 +01:00,2015-01-26 00:00:00 +01:00,1,1
BG,BG.BG-ExEA.AQ,NET-BG001A,STA-BG0073A,BG0073A,SPO-BG0073A_00005_100,SPP-BG_A_BETA_thermo5030SHARP,SPO_F-BG0073A_00005_100_100,PM10,http://dd.eionet.europa.eu/vocabulary/aq/pollutant/5,day,28.44,µg/m3,2015-01-26 00:00:00 +01:00,2015-01-27 00:00:00 +01:00,1,1
BG,BG.BG-ExEA.AQ,NET-BG001A,STA-BG0073A,BG0073A,SPO-BG0073A_00005_100,SPP-BG_A_BETA_thermo5030SHARP,SPO_F-BG0073A_00005_100_100,PM10,http://dd.eionet.europa.eu/vocabulary/aq/pollutant/5,day,35.31,µg/m3,2015-01-27 00:00:00 +01:00,2015-01-28 00:00:00 +01:00,1,1
BG,BG.BG-ExEA.AQ,NET-BG001A,STA-BG0073A,BG0073A,SPO-BG0073A_00005_100,SPP-BG_A_BETA_thermo5030SHARP,SPO_F-BG0073A_00005_100_100,PM10,http://dd.eionet.europa.eu/vocabulary/aq/pollutant/5,day,57.8,µg/m3,2015-01-29 00:00:00 +01:00,2015-01-30 00:00:00 +01:00,1,1
BG,BG.BG-ExEA.AQ,NET-BG001A,STA-BG0073A,BG0073A,SPO-BG0073A_00005_100,SPP-BG_A_BETA_thermo5030SHARP,SPO_F-BG0073A_00005_100_100,PM10,http://dd.eionet.europa.eu/vocabulary/aq/pollutant/5,day,9.84,µg/m3,2015-01-31 00:00:00 +01:00,2015-02-01 00:00:00 +01:00,1,1
BG,BG.BG-ExEA.AQ,NET-BG001A,STA-BG0073A,BG0073A,SPO-BG0073A_00005_100,SPP-BG_A_BETA_thermo5030SHARP,SPO_F-BG0073A_00005_100_100,PM10,http://dd.eionet.europa.eu/vocabulary/aq/pollutant/5,day,56.29,µg/m3,2015-02-04 00:00:00 +01:00,2015-02-05 00:00:00 +01:00,1,1
BG,BG.BG-ExEA.AQ,NET-BG001A,STA-BG0073A,BG0073A,SPO-BG0073A_00005_100,SPP-BG_A_BETA_thermo5030SHARP,SPO_F-BG0073A_00005_100_100,PM10,http://dd.eionet.europa.eu/vocabulary/aq/pollutant/5,day,51.02,µg/m3,2015-02-06 00:00:00 +01:00,2015-02-07 00:00:00 +01:00,1,1
BG,BG.BG-ExEA.AQ,NET-BG001A,STA-BG0073A,BG0073A,SPO-BG0073A_00005_100,SPP-BG_A_BETA_thermo5030SHARP,SPO_F-BG0073A_00005_100_100,PM10,http://dd.eionet.europa.eu/vocabulary/aq/pollutant/5,day,53.81,µg/m3,2015-02-24 00:00:00 +01:00,2015-02-25 00:00:00 +01:00,1,1
BG,BG.BG-ExEA.AQ,NET-BG001A,STA-BG0073A,BG0073A,SPO-BG0073A_00005_100,SPP-BG_A_BETA_thermo5030SHARP,SPO_F-BG0073A_00005_100_100,PM10,http://dd.eionet.europa.eu/vocabulary/aq/pollutant/5,day,50.32,µg/m3,2015-02-28 00:00:00 +01:00,2015-03-01 00:00:00 +01:00,1,1
BG,BG.BG-ExEA.AQ,NET-BG001A,STA-BG0073A,BG0073A,SPO-BG0073A_00005_100,SPP-BG_A_BETA_thermo5030SHARP,SPO_F-BG0073A_00005_100_100,PM10,http://dd.eionet.europa.eu/vocabulary/aq/pollutant/5,day,29.3,µg/m3,2015-02-26 00:00:00 +01:00,2015-02-27 00:00:00 +01:00,1,1
BG,BG.BG-ExEA.AQ,NET-BG001A,STA-BG0073A,BG0073A,SPO-BG0073A_00005_100,SPP-BG_A_BETA_thermo5030SHARP,SPO_F-BG0073A_00005_100_100,PM10,http://dd.eionet.europa.eu/vocabulary/aq/pollutant/5,day,20.45,µg/m3,2015-02-09 00:00:00 +01:00,2015-02-10 00:00:00 +01:00,1,1
BG,BG.BG-ExEA.AQ,NET-BG001A,STA-BG0073A,BG0073A,SPO-BG0073A_00005_100,SPP-BG_A_BETA_thermo5030SHARP,SPO_F-BG0073A_00005_100_100,PM10,http://dd.eionet.europa.eu/vocabulary/aq/pollutant/5,day,116.17,µg/m3,2015-02-13 00:00:00 +01:00,2015-02-14 00:00:00 +01:00,1,1
BG,BG.BG-ExEA.AQ,NET-BG001A,STA-BG0073A,BG0073A,SPO-BG0073A_00005_100,SPP-BG_A_BETA_thermo5030SHARP,SPO_F-BG0073A_00005_100_100,PM10,http://dd.eionet.europa.eu/vocabulary/aq/pollutant/5,day,28.69,µg/m3,2015-04-09 00:00:00 +01:00,2015-04-10 00:00:00 +01:00,1,1
BG,BG.BG-ExEA.AQ,NET-BG001A,STA-BG0073A,BG0073A,SPO-BG0073A_00005_100,SPP-BG_A_BETA_thermo5030SHARP,SPO_F-BG0073A_00005_100_100,PM10,http://dd.eionet.europa.eu/vocabulary/aq/pollutant/5,day,11.23,µg/m3,2015-04-03 00:00:00 +01:00,2015-04-04 00:00:00 +01:00,1,1
BG,BG.BG-ExEA.AQ,NET-BG001A,STA-BG0073A,BG0073A,SPO-BG0073A_00005_100,SPP-BG_A_BETA_thermo5030SHARP,SPO_F-BG0073A_00005_100_100,PM10,http://dd.eionet.europa.eu/vocabulary/aq/pollutant/5,day,20.51,µg/m3,2015-04-06 00:00:00 +01:00,2015-04-07 00:00:00 +01:00,1,1
BG,BG.BG-ExEA.AQ,NET-BG001A,STA-BG0073A,BG0073A,SPO-BG0073A_00005_100,SPP-BG_A_BETA_thermo5030SHARP,SPO_F-BG0073A_00005_100_100,PM10,http://dd.eionet.europa.eu/vocabulary/aq/pollutant/5,day,49.31,µg/m3,2015-03-10 00:00:00 +01:00,2015-03-11 00:00:00 +01:00,1,1
BG,BG.BG-ExEA.AQ,NET-BG001A,STA-BG0073A,BG0073A,SPO-BG0073A_00005_100,SPP-BG_A_BETA_thermo5030SHARP,SPO_F-BG0073A_00005_100_100,PM10,http://dd.eionet.europa.eu/vocabulary/aq/pollutant/5,day,19.6,µg/m3,2015-03-09 00:00:00 +01:00,2015-03-10 00:00:00 +01:00,1,1
BG,BG.BG-ExEA.AQ,NET-BG001A,STA-BG0073A,BG0073A,SPO-BG0073A_00005_100,SPP-BG_A_BETA_thermo5030SHARP,SPO_F-BG0073A_00005_100_100,PM10,http://dd.eionet.europa.eu/vocabulary/aq/pollutant/5,day,21.78,µg/m3,2015-03-05 00:00:00 +01:00,2015-03-06 00:00:00 +01:00,1,1
BG,BG.BG-ExEA.AQ,NET-BG001A,STA-BG0073A,BG0073A,SPO-BG0073A_00005_100,SPP-BG_A_BETA_thermo5030SHARP,SPO_F-BG0073A_00005_100_100,PM10,http://dd.eionet.europa.eu/vocabulary/aq/pollutant/5,day,16.32,µg/m3,2015-03-06 00:00:00 +01:00,2015-03-07 00:00:00 +01:00,1,1
BG,BG.BG-ExEA.AQ,NET-BG001A,STA-BG0073A,BG0073A,SPO-BG0073A_00005_100,SPP-BG_A_BETA_thermo5030SHARP,SPO_F-BG0073A_00005_100_100,PM10,http://dd.eionet.europa.eu/vocabulary/aq/pollutant/5,day,33.94,µg/m3,2015-03-04 00:00:00 +01:00,2015-03-05 00:00:00 +01:00,1,1
BG,BG.BG-ExEA.AQ,NET-BG001A,STA-BG0073A,BG0073A,SPO-BG0073A_00005_100,SPP-BG_A_BETA_thermo5030SHARP,SPO_F-BG0073A_00005_100_100,PM10,http://dd.eionet.europa.eu/vocabulary/aq/pollutant/5,day,42.54,µg/m3,2015-03-02 00:00:00 +01:00,2015-03-03 00:00:00 +01:00,1,1
BG,BG.BG-ExEA.AQ,NET-BG001A,STA-BG0073A,BG0073A,SPO-BG0073A_00005_100,SPP-BG_A_BETA_thermo5030SHARP,SPO_F-BG0073A_00005_100_100,PM10,http://dd.eionet.europa.eu/vocabulary/aq/pollutant/5,day,34.64,µg/m3,2015-04-16 00:00:00 +01:00,2015-04-17 00:00:00 +01:00,1,1
BG,BG.BG-ExEA.AQ,NET-BG001A,STA-BG0073A,BG0073A,SPO-BG0073A_00005_100,SPP-BG_A_BETA_thermo5030SHARP,SPO_F-BG0073A_00005_100_100,PM10,http://dd.eionet.europa.eu/vocabulary/aq/pollutant/5,day,30.98,µg/m3,2015-04-10 00:00:00 +01:00,2015-04-11 00:00:00 +01:00,1,1
BG,BG.BG-ExEA.AQ,NET-BG001A,STA-BG0073A,BG0073A,SPO-BG0073A_00005_100,SPP-BG_A_BETA_thermo5030SHARP,SPO_F-BG0073A_00005_100_100,PM10,http://dd.eionet.europa.eu/vocabulary/aq/pollutant/5,day,34.23,µg/m3,2015-04-11 00:00:00 +01:00,2015-04-12 00:00:00 +01:00,1,1
BG,BG.BG-ExEA.AQ,NET-BG001A,STA-BG0073A,BG0073A,SPO-BG0073A_00005_100,SPP-BG_A_BETA_thermo5030SHARP,SPO_F-BG0073A_00005_100_100,PM10,http://dd.eionet.europa.eu/vocabulary/aq/pollutant/5,day,24.4,µg/m3,2015-04-29 00:00:00 +01:00,2015-04-30 00:00:00 +01:00,1,1
BG,BG.BG-ExEA.AQ,NET-BG001A,STA-BG0073A,BG0073A,SPO-BG0073A_00005_100,SPP-BG_A_BETA_thermo5030SHARP,SPO_F-BG0073A_00005_100_100,PM10,http://dd.eionet.europa.eu/vocabulary/aq/pollutant/5,day,38.99,µg/m3,2015-04-28 00:00:00 +01:00,2015-04-29 00:00:00 +01:00,1,1
BG,BG.BG-ExEA.AQ,NET-BG001A,STA-BG0073A,BG0073A,SPO-BG0073A_00005_100,SPP-BG_A_BETA_thermo5030SHARP,SPO_F-BG0073A_00005_100_100,PM10,http://dd.eionet.europa.eu/vocabulary/aq/pollutant/5,day,31.61,µg/m3,2015-04-25 00:00:00 +01:00,2015-04-26 00:00:00 +01:00,1,1
BG,BG.BG-ExEA.AQ,NET-BG001A,STA-BG0073A,BG0073A,SPO-BG0073A_00005_100,SPP-BG_A_BETA_thermo5030SHARP,SPO_F-BG0073A_00005_100_100,PM10,http://dd.eionet.europa.eu/vocabulary/aq/pollutant/5,day,39.82,µg/m3,2015-05-07 00:00:00 +01:00,2015-05-08 00:00:00 +01:00,1,1
BG,BG.BG-ExEA.AQ,NET-BG001A,STA-BG0073A,BG0073A,SPO-BG0073A_00005_100,SPP-BG_A_BETA_thermo5030SHARP,SPO_F-BG0073A_00005_100_100,PM10,http://dd.eionet.europa.eu/vocabulary/aq/pollutant/5,day,29.96,µg/m3,2015-05-04 00:00:00 +01:00,2015-05-05 00:00:00 +01:00,1,1
BG,BG.BG-ExEA.AQ,NET-BG001A,STA-BG0073A,BG0073A,SPO-BG0073A_00005_100,SPP-BG_A_BETA_thermo5030SHARP,SPO_F-BG0073A_00005_100_100,PM10,http://dd.eionet.europa.eu/vocabulary/aq/pollutant/5,day,10.61,µg/m3,2015-05-03 00:00:00 +01:00,2015-05-04 00:00:00 +01:00,1,1
BG,BG.BG-ExEA.AQ,NET-BG001A,STA-BG0073A,BG0073A,SPO-BG0073A_00005_100,SPP-BG_A_BETA_thermo5030SHARP,SPO_F-BG0073A_00005_100_100,PM10,http://dd.eionet.europa.eu/vocabulary/aq/pollutant/5,day,11.22,µg/m3,2015-05-26 00:00:00 +01:00,2015-05-27 00:00:00 +01:00,1,1
BG,BG.BG-ExEA.AQ,NET-BG001A,STA-BG0073A,BG0073A,SPO-BG0073A_00005_100,SPP-BG_A_BETA_thermo5030SHARP,SPO_F-BG0073A_00005_100_100,PM10,http://dd.eionet.europa.eu/vocabulary/aq/pollutant/5,day,13.16,µg/m3,2015-05-27 00:00:00 +01:00,2015-05-28 00:00:00 +01:00,1,1
BG,BG.BG-ExEA.AQ,NET-BG001A,STA-BG0073A,BG0073A,SPO-BG0073A_00005_100,SPP-BG_A_BETA_thermo5030SHARP,SPO_F-BG0073A_00005_100_100,PM10,http://dd.eionet.europa.eu/vocabulary/aq/pollutant/5,day,33.53,µg/m3,2015-05-23 00:00:00 +01:00,2015-05-24 00:00:00 +01:00,1,1
BG,BG.BG-ExEA.AQ,NET-BG001A,STA-BG0073A,BG0073A,SPO-BG0073A_00005_100,SPP-BG_A_BETA_thermo5030SHARP,SPO_F-BG0073A_00005_100_100,PM10,http://dd.eionet.europa.eu/vocabulary/aq/pollutant/5,day,24.28,µg/m3,2015-05-30 00:00:00 +01:00,2015-05-31 00:00:00 +01:00,1,1
BG,BG.BG-ExEA.AQ,NET-BG001A,STA-BG0073A,BG0073A,SPO-BG0073A_00005_100,SPP-BG_A_BETA_thermo5030SHARP,SPO_F-BG0073A_00005_100_100,PM10,http://dd.eionet.europa.eu/vocabulary/aq/pollutant/5,day,20.55,µg/m3,2015-05-29 00:00:00 +01:00,2015-05-30 00:00:00 +01:00,1,1
BG,BG.BG-ExEA.AQ,NET-BG001A,STA-BG0073A,BG0073A,SPO-BG0073A_00005_100,SPP-BG_A_BETA_thermo5030SHARP,SPO_F-BG0073A_00005_100_100,PM10,http://dd.eionet.europa.eu/vocabulary/aq/pollutant/5,day,17.82,µg/m3,2015-05-28 00:00:00 +01:00,2015-05-29 00:00:00 +01:00,1,1
BG,BG.BG-ExEA.AQ,NET-BG001A,STA-BG0073A,BG0073A,SPO-BG0073A_00005_100,SPP-BG_A_BETA_thermo5030SHARP,SPO_F-BG0073A_00005_100_100,PM10,http://dd.eionet.europa.eu/vocabulary/aq/pollutant/5,day,28.35,µg/m3,2015-06-01 00:00:00 +01:00,2015-06-02 00:00:00 +01:00,1,1
BG,BG.BG-ExEA.AQ,NET-BG001A,STA-BG0073A,BG0073A,SPO-BG0073A_00005_100,SPP-BG_A_BETA_thermo5030SHARP,SPO_F-BG0073A_00005_100_100,PM10,http://dd.eionet.europa.eu/vocabulary/aq/pollutant/5,day,20.2,µg/m3,2015-06-08 00:00:00 +01:00,2015-06-09 00:00:00 +01:00,1,1
BG,BG.BG-ExEA.AQ,NET-BG001A,STA-BG0073A,BG0073A,SPO-BG0073A_00005_100,SPP-BG_A_BETA_thermo5030SHARP,SPO_F-BG0073A_00005_100_100,PM10,http://dd.eionet.europa.eu/vocabulary/aq/pollutant/5,day,22.45,µg/m3,2015-06-09 00:00:00 +01:00,2015-06-10 00:00:00 +01:00,1,1
BG,BG.BG-ExEA.AQ,NET-BG001A,STA-BG0073A,BG0073A,SPO-BG0073A_00005_100,SPP-BG_A_BETA_thermo5030SHARP,SPO_F-BG0073A_00005_100_100,PM10,http://dd.eionet.europa.eu/vocabulary/aq/pollutant/5,day,85.22,µg/m3,2015-02-15 00:00:00 +01:00,2015-02-16 00:00:00 +01:00,1,1
BG,BG.BG-ExEA.AQ,NET-BG001A,STA-BG0073A,BG0073A,SPO-BG0073A_00005_100,SPP-BG_A_BETA_thermo5030SHARP,SPO_F-BG0073A_00005_100_100,PM10,http://dd.eionet.europa.eu/vocabulary/aq/pollutant/5,day,57.67,µg/m3,2015-02-12 00:00:00 +01:00,2015-02-13 00:00:00 +01:00,1,1
BG,BG.BG-ExEA.AQ,NET-BG001A,STA-BG0073A,BG0073A,SPO-BG0073A_00005_100,SPP-BG_A_BETA_thermo5030SHARP,SPO_F-BG0073A_00005_100_100,PM10,http://dd.eionet.europa.eu/vocabulary/aq/pollutant/5,day,20,µg/m3,2015-02-02 00:00:00 +01:00,2015-02-03 00:00:00 +01:00,1,1
BG,BG.BG-ExEA.AQ,NET-BG001A,STA-BG0073A,BG0073A,SPO-BG0073A_00005_100,SPP-BG_A_BETA_thermo5030SHARP,SPO_F-BG0073A_00005_100_100,PM10,http://dd.eionet.europa.eu/vocabulary/aq/pollutant/5,day,17.18,µg/m3,2015-04-14 00:00:00 +01:00,2015-04-15 00:00:00 +01:00,1,1
BG,BG.BG-ExEA.AQ,NET-BG001A,STA-BG0073A,BG0073A,SPO-BG0073A_00005_100,SPP-BG_A_BETA_thermo5030SHARP,SPO_F-BG0073A_00005_100_100,PM10,http://dd.eionet.europa.eu/vocabulary/aq/pollutant/5,day,18.51,µg/m3,2015-04-21 00:00:00 +01:00,2015-04-22 00:00:00 +01:00,1,1
BG,BG.BG-ExEA.AQ,NET-BG001A,STA-BG0073A,BG0073A,SPO-BG0073A_00005_100,SPP-BG_A_BETA_thermo5030SHARP,SPO_F-BG0073A_00005_100_100,PM10,http://dd.eionet.europa.eu/vocabulary/aq/pollutant/5,day,30.22,µg/m3,2015-04-27 00:00:00 +01:00,2015-04-28 00:00:00 +01:00,1,1
BG,BG.BG-ExEA.AQ,NET-BG001A,STA-BG0073A,BG0073A,SPO-BG0073A_00005_100,SPP-BG_A_BETA_thermo5030SHARP,SPO_F-BG0073A_00005_100_100,PM10,http://dd.eionet.europa.eu/vocabulary/aq/pollutant/5,day,24.71,µg/m3,2015-03-30 00:00:00 +01:00,2015-03-31 00:00:00 +01:00,1,1
BG,BG.BG-ExEA.AQ,NET-BG001A,STA-BG0073A,BG0073A,SPO-BG0073A_00005_100,SPP-BG_A_BETA_thermo5030SHARP,SPO_F-BG0073A_00005_100_100,PM10,http://dd.eionet.europa.eu/vocabulary/aq/pollutant/5,day,57.28,µg/m3,2015-03-11 00:00:00 +01:00,2015-03-12 00:00:00 +01:00,1,1
BG,BG.BG-ExEA.AQ,NET-BG001A,STA-BG0073A,BG0073A,SPO-BG0073A_00005_100,SPP-BG_A_BETA_thermo5030SHARP,SPO_F-BG0073A_00005_100_100,PM10,http://dd.eionet.europa.eu/vocabulary/aq/pollutant/5,day,89.81,µg/m3,2015-02-21 00:00:00 +01:00,2015-02-22 00:00:00 +01:00,1,1
BG,BG.BG-ExEA.AQ,NET-BG001A,STA-BG0073A,BG0073A,SPO-BG0073A_00005_100,SPP-BG_A_BETA_thermo5030SHARP,SPO_F-BG0073A_00005_100_100,PM10,http://dd.eionet.europa.eu/vocabulary/aq/pollutant/5,day,55.15,µg/m3,2015-02-20 00:00:00 +01:00,2015-02-21 00:00:00 +01:00,1,1
BG,BG.BG-ExEA.AQ,NET-BG001A,STA-BG0073A,BG0073A,SPO-BG0073A_00005_100,SPP-BG_A_BETA_thermo5030SHARP,SPO_F-BG0073A_00005_100_100,PM10,http://dd.eionet.europa.eu/vocabulary/aq/pollutant/5,day,80.62,µg/m3,2015-02-23 00:00:00 +01:00,2015-02-24 00:00:00 +01:00,1,1
BG,BG.BG-ExEA.AQ,NET-BG001A,STA-BG0073A,BG0073A,SPO-BG0073A_00005_100,SPP-BG_A_BETA_thermo5030SHARP,SPO_F-BG0073A_00005_100_100,PM10,http://dd.eionet.europa.eu/vocabulary/aq/pollutant/5,day,26.37,µg/m3,2015-06-13 00:00:00 +01:00,2015-06-14 00:00:00 +01:00,1,1
BG,BG.BG-ExEA.AQ,NET-BG001A,STA-BG0073A,BG0073A,SPO-BG0073A_00005_100,SPP-BG_A_BETA_thermo5030SHARP,SPO_F-BG0073A_00005_100_100,PM10,http://dd.eionet.europa.eu/vocabulary/aq/pollutant/5,day,32.74,µg/m3,2015-05-05 00:00:00 +01:00,2015-05-06 00:00:00 +01:00,1,1
BG,BG.BG-ExEA.AQ,NET-BG001A,STA-BG0073A,BG0073A,SPO-BG0073A_00005_100,SPP-BG_A_BETA_thermo5030SHARP,SPO_F-BG0073A_00005_100_100,PM10,http://dd.eionet.europa.eu/vocabulary/aq/pollutant/5,day,19.95,µg/m3,2015-05-08 00:00:00 +01:00,2015-05-09 00:00:00 +01:00,1,1
BG,BG.BG-ExEA.AQ,NET-BG001A,STA-BG0073A,BG0073A,SPO-BG0073A_00005_100,SPP-BG_A_BETA_thermo5030SHARP,SPO_F-BG0073A_00005_100_100,PM10,http://dd.eionet.europa.eu/vocabulary/aq/pollutant/5,day,16.71,µg/m3,2015-05-12 00:00:00 +01:00,2015-05-13 00:00:00 +01:00,1,1
BG,BG.BG-ExEA.AQ,NET-BG001A,STA-BG0073A,BG0073A,SPO-BG0073A_00005_100,SPP-BG_A_BETA_thermo5030SHARP,SPO_F-BG0073A_00005_100_100,PM10,http://dd.eionet.europa.eu/vocabulary/aq/pollutant/5,day,24,µg/m3,2015-05-10 00:00:00 +01:00,2015-05-11 00:00:00 +01:00,1,1
BG,BG.BG-ExEA.AQ,NET-BG001A,STA-BG0073A,BG0073A,SPO-BG0073A_00005_100,SPP-BG_A_BETA_thermo5030SHARP,SPO_F-BG0073A_00005_100_100,PM10,http://dd.eionet.europa.eu/vocabulary/aq/pollutant/5,day,40.63,µg/m3,2015-05-19 00:00:00 +01:00,2015-05-20 00:00:00 +01:00,1,1
BG,BG.BG-ExEA.AQ,NET-BG001A,STA-BG0073A,BG0073A,SPO-BG0073A_00005_100,SPP-BG_A_BETA_thermo5030SHARP,SPO_F-BG0073A_00005_100_100,PM10,http://dd.eionet.europa.eu/vocabulary/aq/pollutant/5,day,23.96,µg/m3,2015-05-31 00:00:00 +01:00,2015-06-01 00:00:00 +01:00,1,1
BG,BG.BG-ExEA.AQ,NET-BG001A,STA-BG0073A,BG0073A,SPO-BG0073A_00005_100,SPP-BG_A_BETA_thermo5030SHARP,SPO_F-BG0073A_00005_100_100,PM10,http://dd.eionet.europa.eu/vocabulary/aq/pollutant/5,day,11.87,µg/m3,2015-05-25 00:00:00 +01:00,2015-05-26 00:00:00 +01:00,1,1
BG,BG.BG-ExEA.AQ,NET-BG001A,STA-BG0073A,BG0073A,SPO-BG0073A_00005_100,SPP-BG_A_BETA_thermo5030SHARP,SPO_F-BG0073A_00005_100_100,PM10,http://dd.eionet.europa.eu/vocabulary/aq/pollutant/5,day,17.17,µg/m3,2015-05-02 00:00:00 +01:00,2015-05-03 00:00:00 +01:00,1,1
